20120131;3;2;1;F1
20120201;3;5;2;F2
20120301;4;1;2;F3
20120401;1;2;1;F4
20120501;1;4;1;F5
20120601;2;9;1;F6
20120701;3;4;2;F7
20120801;4;7;1;F8
20120901;2;10;2;F9
20121001;1;3;1;F10
20121101;5;10;2;F11
20121201;4;1;1;F12
20130101;2;10;1;F13
20130201;4;5;3;F14
20130301;4;8;2;F15
20130401;2;6;2;F16
20130501;3;7;3;F17
20130601;5;3;1;F18
20130701;2;9;1;F19
20130801;4;7;1;F20
20130901;4;1;1;F21
20131001;4;7;1;F22
20131101;3;4;2;F23
20131201;2;7;2;F24
20120131;2;2;2;F25
20120201;2;5;1;F26
20120301;2;7;1;F27
20120401;2;6;1;F28
20120501;3;6;1;F29
20120601;4;9;1;F30
20120701;4;4;1;F31
20120801;1;4;3;F32
20120901;5;7;3;F33
20121001;3;4;1;F34
20121101;5;1;2;F35
20121201;1;8;2;F36
20130101;5;9;1;F37
20130201;4;8;1;F38
20130301;1;2;2;F39
20130401;2;8;1;F40
20130501;2;1;1;F41
20130601;3;2;2;F42
20130701;3;1;1;F43
20130801;1;5;1;F44
20130901;5;4;1;F45
20131001;4;10;1;F46
20131101;2;1;3;F47
20131201;5;4;1;F48
20120131;3;2;1;F49
20120201;5;8;1;F50
20120301;4;10;1;F51
20120401;5;10;2;F52
20120501;2;10;1;F53
20120601;3;9;1;F54
20120701;4;5;1;F55
20120801;1;8;1;F56
20120901;4;5;1;F57
20121001;5;2;1;F58
20121101;1;6;1;F59
20121201;3;10;1;F60
20130101;3;6;1;F61
20130201;2;5;3;F62
20130301;2;3;1;F63
20130401;5;3;3;F64
20130501;5;8;1;F65
20130601;3;7;2;F66
20130701;1;8;1;F67
20130801;4;7;1;F68
20130901;5;5;1;F69
20131001;4;8;1;F70
20131101;1;10;2;F71
20131201;5;8;1;F72
20120131;3;10;1;F73
20120201;4;10;2;F74
20120301;4;8;1;F75
20120401;2;5;1;F76
20120501;1;5;2;F77
20120601;4;5;2;F78
20120701;3;10;2;F79
20120801;3;2;1;F80
20120901;1;5;1;F81
20121001;1;1;2;F82
20121101;2;4;1;F83
20121201;4;8;2;F84
20130101;2;9;1;F85
20130201;3;5;1;F86
20130301;4;4;1;F87
20130401;4;6;1;F88
20130501;3;2;1;F89
20130601;5;8;1;F90
20130701;2;10;2;F91
20130801;3;5;2;F92
20130901;2;2;1;F93
20131001;2;4;2;F94
20131101;5;4;2;F95
20131201;3;3;1;F96
20120131;2;8;1;F97
20120201;4;2;1;F98
20120301;2;8;1;F99
20120401;1;6;1;F100
20120501;3;4;1;F101
20120601;3;1;1;F102
20120701;1;1;1;F103
20120801;4;6;1;F104
20120901;2;5;2;F105
20121001;2;7;1;F106
20121101;1;9;1;F107
20121201;1;8;1;F108
20130101;2;3;1;F109
20130201;2;8;2;F110
20130301;2;5;1;F111
20130401;1;10;1;F112
20130501;3;4;2;F113
20130601;2;7;3;F114
20130701;3;4;1;F115
20130801;5;2;1;F116
20130901;5;9;1;F117
20131001;4;1;1;F118
20131101;1;8;1;F119
20131201;3;4;2;F120
20120131;1;10;3;F121
20120201;1;1;1;F122
20120301;1;4;1;F123
20120401;3;5;1;F124
20120501;3;9;2;F125
20120601;1;5;1;F126
20120701;2;3;1;F127
20120801;1;10;1;F128
20120901;3;4;1;F129
20121001;4;9;2;F130
20121101;5;7;1;F131
20121201;1;8;1;F132
20130101;1;1;1;F133
20130201;4;6;1;F134
20130301;3;1;3;F135
20130401;4;2;1;F136
20130501;3;8;2;F137
20130601;5;1;1;F138
20130701;5;1;2;F139
20130801;3;3;1;F140
20130901;4;10;1;F141
20131001;3;10;1;F142
20131101;5;6;1;F143
20131201;5;7;1;F144
20120131;4;3;1;F145
20120201;2;7;1;F146
20120301;3;4;1;F147
20120401;1;9;1;F148
20120501;3;6;1;F149
20120601;5;9;2;F150
20120701;2;7;2;F151
20120801;4;6;1;F152
20120901;1;4;1;F153
20121001;3;1;2;F154
20121101;4;7;1;F155
20121201;1;5;1;F156
20130101;3;9;1;F157
20130201;2;10;1;F158
20130301;4;8;1;F159
20130401;5;10;1;F160
20130501;2;3;1;F161
20130601;2;3;1;F162
20130701;4;4;2;F163
20130801;2;10;1;F164
20130901;1;8;3;F165
20131001;4;2;2;F166
20131101;5;2;1;F167
20131201;2;2;1;F168
20120131;1;2;1;F169
20120201;2;6;1;F170
20120301;1;3;1;F171
20120401;4;3;1;F172
20120501;3;4;3;F173
20120601;5;1;1;F174
20120701;2;9;1;F175
20120801;3;2;2;F176
20120901;1;7;2;F177
20121001;4;1;1;F178
20121101;5;1;1;F179
20121201;1;9;1;F180
20130101;4;1;2;F181
20130201;2;1;1;F182
20130301;1;1;1;F183
20130401;5;6;1;F184
20130501;5;2;1;F185
20130601;2;6;1;F186
20130701;3;3;2;F187
20130801;1;9;1;F188
20130901;2;9;1;F189
20131001;2;8;1;F190
20131101;5;2;3;F191
20131201;1;6;1;F192
20120131;2;4;3;F193
20120201;4;1;2;F194
20120301;2;10;1;F195
20120401;1;2;1;F196
20120501;1;10;1;F197
20120601;4;8;2;F198
20120701;1;5;1;F199
20120801;2;8;1;F200
20120901;3;5;1;F201
20121001;2;9;3;F202
20121101;5;3;1;F203
20121201;1;10;2;F204
20130101;4;7;1;F205
20130201;2;4;2;F206
20130301;2;1;1;F207
20130401;1;9;2;F208
20130501;2;7;1;F209
20130601;5;7;2;F210
20130701;1;9;1;F211
20130801;2;3;1;F212
20130901;5;6;1;F213
20131001;5;7;1;F214
20131101;3;2;2;F215
20131201;3;5;1;F216
20120131;3;3;2;F217
20120201;4;7;1;F218
20120301;4;6;1;F219
20120401;2;10;3;F220
20120501;3;3;1;F221
20120601;5;1;2;F222
20120701;3;2;2;F223
20120801;1;10;1;F224
20120901;3;3;2;F225
20121001;4;10;1;F226
20121101;5;5;1;F227
20121201;1;8;2;F228
20130101;5;9;1;F229
20130201;3;2;2;F230
20130301;2;8;1;F231
20130401;4;3;1;F232
20130501;5;7;1;F233
20130601;1;9;1;F234
20130701;2;4;1;F235
20130801;1;1;1;F236
20130901;1;3;2;F237
20131001;2;1;1;F238
20131101;1;4;1;F239
20131201;5;2;1;F240
20120131;2;4;2;F241
20120201;3;5;1;F242
20120301;4;3;2;F243
20120401;3;7;1;F244
20120501;2;2;1;F245
20120601;2;3;2;F246
20120701;5;1;1;F247
20120801;4;8;2;F248
20120901;4;7;1;F249
20121001;4;3;1;F250
20121101;5;7;1;F251
20121201;1;6;1;F252
20130101;3;3;1;F253
20130201;4;6;1;F254
20130301;3;8;2;F255
20130401;5;3;1;F256
20130501;5;5;3;F257
20130601;3;5;1;F258
20130701;1;7;2;F259
20130801;2;6;1;F260
20130901;4;10;1;F261
20131001;5;4;1;F262
20131101;2;6;1;F263
20131201;4;2;1;F264
20120131;5;8;1;F265
20120201;4;1;1;F266
20120301;4;1;3;F267
20120401;4;9;1;F268
20120501;1;2;1;F269
20120601;4;1;3;F270
20120701;1;5;3;F271
20120801;3;6;1;F272
20120901;5;4;1;F273
20121001;2;7;1;F274
20121101;1;10;1;F275
20121201;1;9;1;F276
20130101;3;10;1;F277
20130201;5;2;2;F278
20130301;5;10;2;F279
20130401;1;2;3;F280
20130501;4;10;2;F281
20130601;1;10;3;F282
20130701;3;4;1;F283
20130801;5;10;2;F284
20130901;5;9;2;F285
20131001;3;10;2;F286
20131101;3;3;1;F287
20131201;4;5;1;F288
20120131;2;6;1;F289
20120201;2;7;1;F290
20120301;2;4;2;F291
20120401;3;1;1;F292
20120501;3;2;1;F293
20120601;1;1;3;F294
20120701;2;7;2;F295
20120801;4;1;2;F296
20120901;4;1;1;F297
20121001;4;5;1;F298
20121101;3;1;1;F299
20121201;1;5;2;F300
20130101;5;7;2;F301
20130201;2;9;1;F302
20130301;2;4;1;F303
20130401;5;4;1;F304
20130501;3;3;1;F305
20130601;5;8;1;F306
20130701;3;6;1;F307
20130801;1;3;1;F308
20130901;5;8;2;F309
20131001;2;8;1;F310
20131101;3;1;1;F311
20131201;3;4;3;F312
20120131;2;6;1;F313
20120201;1;7;2;F314
20120301;2;3;1;F315
20120401;4;8;2;F316
20120501;1;5;1;F317
20120601;2;7;1;F318
20120701;5;6;1;F319
20120801;2;8;2;F320
20120901;3;6;1;F321
20121001;3;10;2;F322
20121101;4;1;2;F323
20121201;4;7;2;F324
20130101;3;6;3;F325
20130201;3;10;1;F326
20130301;5;1;1;F327
20130401;4;5;2;F328
20130501;5;8;2;F329
20130601;3;7;1;F330
20130701;4;7;1;F331
20130801;4;1;1;F332
20130901;4;7;1;F333
20131001;4;2;2;F334
20131101;4;8;2;F335
20131201;5;6;1;F336
20120131;3;9;3;F337
20120201;1;10;1;F338
20120301;1;8;1;F339
20120401;4;9;1;F340
20120501;5;5;1;F341
20120601;1;6;2;F342
20120701;5;7;1;F343
20120801;3;7;1;F344
20120901;4;1;2;F345
20121001;4;6;1;F346
20121101;3;8;1;F347
20121201;5;3;1;F348
20130101;3;10;2;F349
20130201;4;2;2;F350
20130301;4;7;2;F351
20130401;5;4;3;F352
20130501;5;9;2;F353
20130601;5;8;1;F354
20130701;3;2;1;F355
20130801;1;1;2;F356
20130901;3;6;1;F357
20131001;2;9;1;F358
20131101;4;9;2;F359
20131201;5;7;1;F360
20120131;5;7;1;F361
20120201;5;10;1;F362
20120301;3;10;1;F363
20120401;1;3;2;F364
20120501;3;1;1;F365
20120601;3;1;1;F366
20120701;2;7;1;F367
20120801;3;1;1;F368
20120901;1;2;2;F369
20121001;1;5;2;F370
20121101;3;7;1;F371
20121201;3;8;2;F372
20130101;4;7;2;F373
20130201;1;3;1;F374
20130301;1;4;1;F375
20130401;2;6;1;F376
20130501;1;6;1;F377
20130601;4;3;2;F378
20130701;3;8;1;F379
20130801;3;4;1;F380
20130901;2;9;1;F381
20131001;4;9;1;F382
20131101;5;5;1;F383
20131201;1;9;1;F384
20120131;1;4;1;F385
20120201;2;2;1;F386
20120301;3;10;1;F387
20120401;5;3;2;F388
20120501;4;8;1;F389
20120601;4;5;1;F390
20120701;3;2;1;F391
20120801;2;5;2;F392
20120901;1;2;1;F393
20121001;2;5;1;F394
20121101;3;4;1;F395
20121201;3;2;1;F396
20130101;3;3;1;F397
20130201;4;3;2;F398
20130301;3;8;2;F399
20130401;4;4;1;F400
20130501;1;3;1;F401
20130601;4;9;3;F402
20130701;1;2;2;F403
20130801;1;9;1;F404
20130901;5;2;1;F405
20131001;3;10;1;F406
20131101;3;5;1;F407
20131201;4;3;1;F408
20120131;5;8;1;F409
20120201;3;6;1;F410
20120301;5;3;1;F411
20120401;3;4;1;F412
20120501;1;6;1;F413
20120601;5;6;1;F414
20120701;2;10;2;F415
20120801;5;6;1;F416
20120901;5;9;2;F417
20121001;3;10;1;F418
20121101;4;1;1;F419
20121201;3;3;2;F420
20130101;4;8;1;F421
20130201;4;7;2;F422
20130301;3;5;1;F423
20130401;2;10;3;F424
20130501;5;7;1;F425
20130601;1;5;1;F426
20130701;3;1;2;F427
20130801;1;5;2;F428
20130901;5;6;1;F429
20131001;5;8;1;F430
20131101;3;10;1;F431
20131201;1;3;1;F432
20120131;3;3;1;F433
20120201;5;3;2;F434
20120301;2;1;1;F435
20120401;4;3;1;F436
20120501;2;7;1;F437
20120601;4;3;1;F438
20120701;2;8;1;F439
20120801;3;8;2;F440
20120901;5;4;1;F441
20121001;3;9;2;F442
20121101;4;5;2;F443
20121201;1;1;1;F444
20130101;4;6;1;F445
20130201;5;8;1;F446
20130301;5;9;1;F447
20130401;4;1;1;F448
20130501;5;10;2;F449
20130601;1;9;1;F450
20130701;4;1;1;F451
20130801;5;5;2;F452
20130901;1;6;1;F453
20131001;1;4;2;F454
20131101;5;2;1;F455
20131201;5;6;1;F456
20120131;3;9;1;F457
20120201;1;2;1;F458
20120301;2;7;1;F459
20120401;3;1;2;F460
20120501;3;6;2;F461
20120601;5;5;1;F462
20120701;4;9;1;F463
20120801;4;6;1;F464
20120901;1;6;1;F465
20121001;3;9;1;F466
20121101;1;8;2;F467
20121201;2;5;2;F468
20130101;1;2;1;F469
20130201;4;5;2;F470
20130301;4;5;1;F471
20130401;3;2;2;F472
20130501;4;1;1;F473
20130601;2;5;2;F474
20130701;4;7;1;F475
20130801;2;6;2;F476
20130901;2;7;2;F477
20131001;5;5;1;F478
20131101;1;10;1;F479
20131201;2;4;2;F480
20120131;4;2;1;F481
20120201;3;1;1;F482
20120301;3;3;1;F483
20120401;2;7;1;F484
20120501;4;5;1;F485
20120601;1;7;1;F486
20120701;4;5;1;F487
20120801;5;9;1;F488
20120901;5;6;1;F489
20121001;3;9;1;F490
20121101;3;7;2;F491
20121201;2;9;1;F492
20130101;5;7;2;F493
20130201;3;6;2;F494
20130301;4;5;1;F495
20130401;2;2;1;F496
20130501;3;6;1;F497
20130601;2;5;1;F498
20130701;4;10;1;F499
20130801;4;6;2;F500
20130901;2;10;2;F501
20131001;2;7;1;F502
20131101;1;3;2;F503
20131201;2;2;1;F504
20120131;4;7;2;F505
20120201;3;9;1;F506
20120301;4;3;2;F507
20120401;4;7;1;F508
20120501;2;3;1;F509
20120601;1;2;3;F510
20120701;4;1;3;F511
20120801;3;8;2;F512
20120901;3;8;1;F513
20121001;3;9;2;F514
20121101;4;1;2;F515
20121201;2;1;1;F516
20130101;4;4;1;F517
20130201;3;7;1;F518
20130301;5;9;2;F519
20130401;4;6;1;F520
20130501;2;3;3;F521
20130601;2;2;2;F522
20130701;5;5;1;F523
20130801;2;10;1;F524
20130901;1;1;3;F525
20131001;4;10;1;F526
20131101;3;10;3;F527
20131201;2;10;1;F528
20120131;2;8;1;F529
20120201;2;4;1;F530
20120301;2;1;1;F531
20120401;2;2;1;F532
20120501;3;7;1;F533
20120601;5;10;2;F534
20120701;1;4;1;F535
20120801;5;2;1;F536
20120901;4;6;1;F537
20121001;5;10;1;F538
20121101;4;7;1;F539
20121201;5;5;1;F540
20130101;2;1;1;F541
20130201;4;5;2;F542
20130301;3;5;1;F543
20130401;1;5;2;F544
20130501;5;4;3;F545
20130601;1;1;1;F546
20130701;3;8;2;F547
20130801;1;8;1;F548
20130901;4;6;1;F549
20131001;1;4;2;F550
20131101;3;10;1;F551
20131201;5;7;1;F552
20120131;1;5;1;F553
20120201;1;8;1;F554
20120301;3;2;2;F555
20120401;4;3;1;F556
20120501;5;8;2;F557
20120601;1;2;1;F558
20120701;2;7;1;F559
20120801;1;6;1;F560
20120901;5;2;1;F561
20121001;3;1;2;F562
20121101;4;2;1;F563
20121201;4;6;2;F564
20130101;4;5;1;F565
20130201;4;9;1;F566
20130301;3;1;2;F567
20130401;3;1;2;F568
20130501;4;8;1;F569
20130601;4;9;2;F570
20130701;2;7;1;F571
20130801;5;2;2;F572
20130901;5;7;2;F573
20131001;3;2;1;F574
20131101;2;10;1;F575
20131201;5;10;1;F576
20120131;3;10;2;F577
20120201;4;10;2;F578
20120301;5;2;1;F579
20120401;1;5;1;F580
20120501;4;5;1;F581
20120601;2;9;1;F582
20120701;4;9;2;F583
20120801;4;2;1;F584
20120901;2;9;1;F585
20121001;2;4;2;F586
20121101;5;8;1;F587
20121201;2;10;1;F588
20130101;3;7;2;F589
20130201;3;10;1;F590
20130301;2;3;1;F591
20130401;1;4;1;F592
20130501;1;2;1;F593
20130601;4;9;1;F594
20130701;4;10;2;F595
20130801;2;10;2;F596
20130901;4;2;1;F597
20131001;5;3;1;F598
20131101;1;6;3;F599
20131201;2;4;1;F600
20120131;5;1;1;F601
20120201;3;9;1;F602
20120301;4;8;1;F603
20120401;2;10;1;F604
20120501;2;3;1;F605
20120601;5;4;1;F606
20120701;5;8;1;F607
20120801;3;1;1;F608
20120901;3;6;1;F609
20121001;5;4;1;F610
20121101;2;8;1;F611
20121201;4;6;1;F612
20130101;2;6;1;F613
20130201;2;8;1;F614
20130301;1;9;1;F615
20130401;1;4;1;F616
20130501;4;4;1;F617
20130601;5;1;1;F618
20130701;3;3;1;F619
20130801;4;6;2;F620
20130901;4;2;2;F621
20131001;5;3;2;F622
20131101;5;8;1;F623
20131201;5;10;1;F624
20120131;1;9;1;F625
20120201;4;1;1;F626
20120301;1;6;1;F627
20120401;1;9;1;F628
20120501;1;1;2;F629
20120601;3;2;2;F630
20120701;2;6;1;F631
20120801;3;2;1;F632
20120901;3;1;2;F633
20121001;3;10;1;F634
20121101;4;3;1;F635
20121201;2;10;1;F636
20130101;1;9;1;F637
20130201;5;5;2;F638
20130301;5;8;1;F639
20130401;3;10;2;F640
20130501;4;6;1;F641
20130601;3;2;2;F642
20130701;2;1;2;F643
20130801;2;8;1;F644
20130901;1;4;1;F645
20131001;1;4;1;F646
20131101;4;3;1;F647
20131201;5;7;2;F648
20120131;5;8;1;F649
20120201;1;5;2;F650
20120301;1;8;1;F651
20120401;1;2;1;F652
20120501;5;9;1;F653
20120601;3;10;1;F654
20120701;2;7;1;F655
20120801;3;8;1;F656
20120901;3;2;2;F657
20121001;5;3;1;F658
20121101;1;1;2;F659
20121201;4;5;1;F660
20130101;1;7;1;F661
20130201;3;4;2;F662
20130301;1;2;1;F663
20130401;5;6;2;F664
20130501;3;10;1;F665
20130601;1;5;1;F666
20130701;1;10;1;F667
20130801;1;2;1;F668
20130901;5;9;1;F669
20131001;3;8;1;F670
20131101;1;10;3;F671
20131201;3;5;1;F672
20120131;2;7;2;F673
20120201;4;5;1;F674
20120301;1;8;1;F675
20120401;3;3;2;F676
20120501;2;10;3;F677
20120601;3;6;1;F678
20120701;1;2;2;F679
20120801;2;10;2;F680
20120901;1;10;1;F681
20121001;4;5;2;F682
20121101;4;6;1;F683
20121201;1;1;1;F684
20130101;5;8;1;F685
20130201;4;5;1;F686
20130301;1;8;1;F687
20130401;1;8;1;F688
20130501;3;9;2;F689
20130601;2;10;1;F690
20130701;1;8;1;F691
20130801;3;7;2;F692
20130901;4;6;1;F693
20131001;2;3;1;F694
20131101;4;6;1;F695
20131201;4;1;1;F696
20120131;4;9;1;F697
20120201;1;3;2;F698
20120301;4;5;1;F699
20120401;2;2;1;F700
20120501;1;9;1;F701
20120601;4;2;2;F702
20120701;5;1;2;F703
20120801;3;2;2;F704
20120901;1;9;1;F705
20121001;4;3;2;F706
20121101;1;9;1;F707
20121201;4;5;1;F708
20130101;3;6;1;F709
20130201;3;4;3;F710
20130301;2;4;1;F711
20130401;5;1;3;F712
20130501;1;3;1;F713
20130601;4;6;1;F714
20130701;1;10;1;F715
20130801;3;3;3;F716
20130901;5;1;1;F717
20131001;5;5;2;F718
20131101;1;2;1;F719
20131201;4;8;1;F720
20120131;2;7;2;F721
20120201;3;2;1;F722
20120301;3;6;2;F723
20120401;3;1;1;F724
20120501;1;4;1;F725
20120601;3;8;1;F726
20120701;5;1;2;F727
20120801;3;5;1;F728
20120901;2;6;1;F729
20121001;3;6;3;F730
20121101;5;6;1;F731
20121201;4;5;1;F732
20130101;1;5;2;F733
20130201;5;3;1;F734
20130301;1;8;3;F735
20130401;5;3;1;F736
20130501;3;5;1;F737
20130601;1;8;1;F738
20130701;5;5;1;F739
20130801;4;2;1;F740
20130901;2;8;3;F741
20131001;5;5;2;F742
20131101;3;8;2;F743
20131201;1;1;3;F744
20120131;2;6;1;F745
20120201;5;3;2;F746
20120301;3;10;1;F747
20120401;1;4;1;F748
20120501;1;7;1;F749
20120601;2;6;2;F750
20120701;2;7;2;F751
20120801;3;2;1;F752
20120901;3;7;1;F753
20121001;5;8;1;F754
20121101;5;10;1;F755
20121201;2;3;1;F756
20130101;4;2;2;F757
20130201;5;10;2;F758
20130301;5;1;1;F759
20130401;5;7;2;F760
20130501;4;10;1;F761
20130601;4;7;1;F762
20130701;1;1;1;F763
20130801;1;7;1;F764
20130901;3;4;1;F765
20131001;5;8;2;F766
20131101;1;6;1;F767
20131201;4;2;1;F768
20120131;2;1;2;F769
20120201;1;8;1;F770
20120301;2;4;1;F771
20120401;1;8;1;F772
20120501;3;3;2;F773
20120601;2;4;3;F774
20120701;4;2;1;F775
20120801;3;5;1;F776
20120901;5;5;1;F777
20121001;2;2;2;F778
20121101;3;10;2;F779
20121201;3;10;1;F780
20130101;4;7;1;F781
20130201;5;5;1;F782
20130301;3;10;2;F783
20130401;5;7;1;F784
20130501;3;5;3;F785
20130601;3;1;1;F786
20130701;4;3;1;F787
20130801;3;8;1;F788
20130901;4;1;1;F789
20131001;3;9;1;F790
20131101;4;7;1;F791
20131201;2;2;1;F792
20120131;3;9;1;F793
20120201;3;10;2;F794
20120301;4;2;2;F795
20120401;4;8;2;F796
20120501;1;8;1;F797
20120601;5;4;1;F798
20120701;3;4;1;F799
20120801;4;4;2;F800
20120901;2;8;2;F801
20121001;5;3;1;F802
20121101;1;5;2;F803
20121201;3;7;2;F804
20130101;2;9;2;F805
20130201;5;4;3;F806
20130301;4;10;2;F807
20130401;2;5;1;F808
20130501;3;2;1;F809
20130601;5;10;2;F810
20130701;4;7;1;F811
20130801;5;10;1;F812
20130901;5;7;1;F813
20131001;3;10;2;F814
20131101;5;3;1;F815
20131201;2;3;2;F816
20120131;4;4;3;F817
20120201;1;3;2;F818
20120301;2;7;1;F819
20120401;4;9;1;F820
20120501;4;3;3;F821
20120601;3;3;1;F822
20120701;3;7;1;F823
20120801;3;8;1;F824
20120901;3;1;2;F825
20121001;2;1;2;F826
20121101;3;9;1;F827
20121201;2;3;2;F828
20130101;1;6;2;F829
20130201;3;2;1;F830
20130301;2;4;2;F831
20130401;1;6;2;F832
20130501;5;10;1;F833
20130601;4;1;2;F834
20130701;2;9;1;F835
20130801;1;1;1;F836
20130901;4;8;1;F837
20131001;2;9;3;F838
20131101;3;10;1;F839
20131201;4;5;1;F840
20120131;4;10;1;F841
20120201;1;5;2;F842
20120301;3;5;1;F843
20120401;3;5;2;F844
20120501;5;1;1;F845
20120601;3;1;1;F846
20120701;4;4;2;F847
20120801;5;10;1;F848
20120901;3;3;1;F849
20121001;5;7;2;F850
20121101;3;3;1;F851
20121201;1;3;3;F852
20130101;3;10;1;F853
20130201;5;4;2;F854
20130301;3;5;1;F855
20130401;4;4;2;F856
20130501;2;6;2;F857
20130601;1;5;1;F858
20130701;1;9;2;F859
20130801;3;9;1;F860
20130901;3;1;1;F861
20131001;4;8;2;F862
20131101;1;4;1;F863
20131201;5;7;2;F864
20120131;4;6;1;F865
20120201;3;6;2;F866
20120301;1;5;1;F867
20120401;2;4;2;F868
20120501;4;10;1;F869
20120601;1;1;1;F870
20120701;2;10;1;F871
20120801;4;9;1;F872
20120901;1;4;2;F873
20121001;5;5;1;F874
20121101;1;5;1;F875
20121201;2;10;1;F876
20130101;4;6;2;F877
20130201;3;5;2;F878
20130301;4;7;2;F879
20130401;3;5;3;F880
20130501;5;9;1;F881
20130601;5;2;1;F882
20130701;1;8;1;F883
20130801;4;4;2;F884
20130901;1;3;2;F885
20131001;3;3;2;F886
20131101;1;6;2;F887
20131201;1;7;2;F888
20120131;2;8;1;F889
20120201;3;4;1;F890
20120301;5;2;3;F891
20120401;5;6;1;F892
20120501;1;5;1;F893
20120601;5;7;1;F894
20120701;5;7;2;F895
20120801;2;8;1;F896
20120901;3;1;1;F897
20121001;3;7;1;F898
20121101;2;2;2;F899
20121201;2;2;1;F900
20130101;2;3;2;F901
20130201;3;6;1;F902
20130301;3;7;1;F903
20130401;3;4;1;F904
20130501;1;8;1;F905
20130601;3;7;2;F906
20130701;4;4;1;F907
20130801;2;1;1;F908
20130901;3;5;1;F909
20131001;3;7;1;F910
20131101;3;1;1;F911
20131201;3;10;1;F912
20120131;3;3;2;F913
20120201;2;4;1;F914
20120301;3;7;1;F915
20120401;3;2;1;F916
20120501;4;8;2;F917
20120601;5;8;1;F918
20120701;3;2;1;F919
20120801;2;10;1;F920
20120901;3;6;1;F921
20121001;4;8;1;F922
20121101;1;9;2;F923
20121201;4;2;1;F924
20130101;1;4;1;F925
20130201;2;8;2;F926
20130301;4;9;1;F927
20130401;5;5;2;F928
20130501;4;5;1;F929
20130601;4;3;3;F930
20130701;2;7;1;F931
20130801;5;1;1;F932
20130901;4;9;1;F933
20131001;5;8;2;F934
20131101;3;10;1;F935
20131201;5;10;1;F936
20120131;3;4;1;F937
20120201;3;10;2;F938
20120301;2;6;2;F939
20120401;1;5;1;F940
20120501;5;1;1;F941
20120601;4;8;1;F942
20120701;1;8;1;F943
20120801;2;2;1;F944
20120901;5;6;1;F945
20121001;2;4;2;F946
20121101;4;7;1;F947
20121201;3;6;2;F948
20130101;4;10;1;F949
20130201;5;3;1;F950
20130301;4;9;3;F951
20130401;1;7;3;F952
20130501;4;10;1;F953
20130601;1;2;1;F954
20130701;2;6;1;F955
20130801;5;1;1;F956
20130901;4;4;1;F957
20131001;1;9;2;F958
20131101;2;7;1;F959
20131201;3;7;1;F960
20120131;4;5;1;F961
20120201;4;8;2;F962
20120301;2;7;1;F963
20120401;4;3;3;F964
20120501;5;5;1;F965
20120601;5;4;2;F966
20120701;5;1;1;F967
20120801;5;5;2;F968
20120901;1;3;1;F969
20121001;5;2;1;F970
20121101;5;1;1;F971
20121201;5;7;1;F972
20130101;2;9;1;F973
20130201;5;4;3;F974
20130301;1;1;3;F975
20130401;4;1;1;F976
20130501;2;8;1;F977
20130601;5;10;2;F978
20130701;3;5;2;F979
20130801;3;1;2;F980
20130901;5;6;1;F981
20131001;3;6;1;F982
20131101;2;4;1;F983
20131201;3;5;2;F984
20120131;2;2;1;F985
20120201;3;3;1;F986
20120301;4;9;2;F987
20120401;5;6;1;F988
20120501;4;7;2;F989
20120601;4;4;2;F990
20120701;5;6;1;F991
20120801;5;1;1;F992
20120901;4;1;1;F993
20121001;2;8;1;F994
20121101;4;3;1;F995
20121201;2;5;2;F996
20130101;4;8;2;F997
20130201;2;9;2;F998
20130301;3;1;2;F999
20130401;5;10;1;F1000
20130501;5;3;1;F1001
20130601;5;6;1;F1002
20130701;4;10;2;F1003
20130801;2;8;2;F1004
20130901;4;9;2;F1005
20131001;5;8;1;F1006
20131101;1;7;2;F1007
20131201;4;2;1;F1008
20120131;5;3;2;F1009
20120201;4;1;1;F1010
20120301;3;9;1;F1011
20120401;5;7;1;F1012
20120501;5;6;1;F1013
20120601;1;9;1;F1014
20120701;4;10;1;F1015
20120801;1;8;1;F1016
20120901;1;4;1;F1017
20121001;2;9;2;F1018
20121101;1;8;1;F1019
20121201;5;1;2;F1020
20130101;2;9;2;F1021
20130201;4;1;1;F1022
20130301;1;6;2;F1023
20130401;5;1;1;F1024
20130501;2;7;2;F1025
20130601;3;6;1;F1026
20130701;1;3;2;F1027
20130801;1;3;2;F1028
20130901;3;5;2;F1029
20131001;4;9;1;F1030
20131101;1;8;1;F1031
20131201;2;8;1;F1032
20120131;5;7;1;F1033
20120201;3;4;1;F1034
20120301;5;9;1;F1035
20120401;4;8;2;F1036
20120501;1;5;1;F1037
20120601;5;7;1;F1038
20120701;1;6;1;F1039
20120801;4;6;1;F1040
20120901;5;1;1;F1041
20121001;4;9;1;F1042
20121101;2;3;1;F1043
20121201;5;5;1;F1044
20130101;2;8;1;F1045
20130201;2;8;3;F1046
20130301;1;10;1;F1047
20130401;2;3;1;F1048
20130501;3;10;1;F1049
20130601;5;10;2;F1050
20130701;3;1;1;F1051
20130801;1;6;1;F1052
20130901;1;5;2;F1053
20131001;1;9;1;F1054
20131101;1;3;2;F1055
20131201;5;4;1;F1056
20120131;2;7;2;F1057
20120201;4;8;1;F1058
20120301;5;5;2;F1059
20120401;4;10;1;F1060
20120501;3;5;1;F1061
20120601;2;3;1;F1062
20120701;5;7;1;F1063
20120801;3;9;2;F1064
20120901;5;7;1;F1065
20121001;2;10;1;F1066
20121101;5;6;2;F1067
20121201;5;4;2;F1068
20130101;2;10;1;F1069
20130201;5;4;1;F1070
20130301;4;10;2;F1071
20130401;3;5;1;F1072
20130501;2;8;2;F1073
20130601;3;4;1;F1074
20130701;5;8;1;F1075
20130801;5;3;2;F1076
20130901;5;4;1;F1077
20131001;2;1;1;F1078
20131101;5;10;1;F1079
20131201;4;4;1;F1080
20120131;1;5;1;F1081
20120201;1;1;1;F1082
20120301;5;3;1;F1083
20120401;1;6;1;F1084
20120501;2;1;1;F1085
20120601;1;2;1;F1086
20120701;4;5;1;F1087
20120801;3;6;2;F1088
20120901;5;2;1;F1089
20121001;5;4;1;F1090
20121101;5;9;1;F1091
20121201;3;7;2;F1092
20130101;5;8;2;F1093
20130201;1;6;2;F1094
20130301;4;3;1;F1095
20130401;2;2;1;F1096
20130501;5;4;1;F1097
20130601;4;3;1;F1098
20130701;5;7;2;F1099
20130801;1;1;1;F1100
20130901;3;7;2;F1101
20131001;2;9;2;F1102
20131101;4;2;3;F1103
20131201;4;1;1;F1104
20120131;1;2;1;F1105
20120201;2;9;1;F1106
20120301;4;6;2;F1107
20120401;5;3;1;F1108
20120501;5;3;1;F1109
20120601;4;3;2;F1110
20120701;1;3;1;F1111
20120801;1;3;2;F1112
20120901;3;7;1;F1113
20121001;2;6;3;F1114
20121101;1;1;2;F1115
20121201;2;9;2;F1116
20130101;4;5;1;F1117
20130201;5;3;3;F1118
20130301;2;1;2;F1119
20130401;1;9;1;F1120
20130501;5;6;1;F1121
20130601;1;9;1;F1122
20130701;4;8;3;F1123
20130801;2;6;1;F1124
20130901;3;7;3;F1125
20131001;2;8;1;F1126
20131101;3;6;2;F1127
20131201;5;9;1;F1128
20120131;2;9;1;F1129
20120201;1;5;1;F1130
20120301;2;7;1;F1131
20120401;5;4;2;F1132
20120501;2;2;1;F1133
20120601;1;1;2;F1134
20120701;4;10;2;F1135
20120801;4;9;1;F1136
20120901;5;10;2;F1137
20121001;5;10;1;F1138
20121101;3;2;2;F1139
20121201;3;8;1;F1140
20130101;1;8;3;F1141
20130201;4;6;1;F1142
20130301;1;4;1;F1143
20130401;4;9;1;F1144
20130501;3;9;1;F1145
20130601;1;5;1;F1146
20130701;5;6;3;F1147
20130801;3;2;1;F1148
20130901;5;1;2;F1149
20131001;5;8;1;F1150
20131101;1;8;1;F1151
20131201;1;9;1;F1152