20130101;4;6;2999.77;944.95
20130501;4;6;2499.85;679.95
20130401;2;6;8999.39;3099.82
20130701;2;6;11999.20;4499.69
20130901;2;6;11499.24;4099.74
20131001;2;6;7499.50;2199.85
20131101;2;6;3499.77;999.93
20120131;1;2;24939.30;7232.54
20120201;1;3;26117.25;7312.50
20120301;1;4;5797.62;1333.93
20120401;1;1;21255.56;7014.54
20120501;1;1;25061.34;8270.51
20120601;1;4;6134.61;1471.90
20120701;1;1;9964.32;3088.78
20120801;1;5;7548.48;2566.79
20120901;1;3;20932.59;5651.63
20121001;1;3;16711.90;3342.80
20121101;1;2;21045.61;4419.74
20121201;1;3;5287.64;1057.96
20130101;1;2;8889.41;1955.86
20130201;1;1;11929.19;2624.83
20130301;1;3;19059.73;3811.72
20130401;1;2;26462.21;7144.51
20130501;1;1;10591.27;2329.84
20130601;1;5;8817.37;1851.88
20130701;1;4;22251.49;6230.61
20130801;1;2;10283.32;3496.77
20130901;1;5;25021.33;6755.54
20131001;1;4;14068.06;4923.65
20131101;1;5;25916.23;6738.52
20131201;1;4;8374.44;2344.86
20120131;2;1;5756.63;1438.91
20120201;2;5;26262.22;7878.46
20120301;2;2;6883.53;1720.90
20120401;2;4;24358.37;5358.62
20120501;2;5;24614.36;5415.66
20120601;2;3;9142.40;2285.84
20120701;2;2;25591.30;8957.43
20120801;2;2;11631.22;2325.86
20120901;2;2;22982.46;5055.64
20121001;2;3;11066.21;2876.78
20121101;2;3;11669.25;2566.79
20121201;2;4;25072.30;6268.55
20130101;2;1;8398.45;2687.82
20130201;2;1;19447.66;5250.66
20130301;2;2;17051.84;4092.72
20130401;2;3;22065.48;5295.70
20130501;2;3;12860.16;3729.74
20130601;2;1;18269.80;3653.73
20130701;2;5;25568.28;8181.48
20130801;2;5;10562.29;2851.81
20130901;2;3;10252.35;2870.81
20131001;2;2;8887.42;2754.84
20131101;2;4;6478.54;1943.90
20131201;2;1;23113.43;6934.52
20120131;3;5;6174.58;1296.91
20120201;3;2;10907.28;3271.78
20120301;3;1;15045.01;5265.66
20120401;3;1;26714.20;8815.41
20120501;3;1;13656.08;4642.67
20120601;3;2;15950.93;3508.76
20120701;3;4;21565.51;6900.53
20120801;3;5;16273.90;3254.76
20120901;3;4;13256.10;4374.72
20121001;3;3;17855.79;4642.67
20121101;3;2;13914.06;4869.69
20121201;3;2;18727.70;4494.71
20130101;3;5;14883.01;5060.66
20130201;3;2;24206.40;6051.60
20130301;3;3;25827.24;8264.46
20130401;3;4;12578.13;3647.78
20130501;3;3;18694.76;5608.60
20130601;3;5;19181.71;5946.60
20130701;3;4;13753.06;3162.78
20130801;3;2;14076.06;2814.82
20130901;3;2;8498.43;2889.82
20131001;3;2;22382.52;7386.48
20131101;3;5;15176.00;3641.75
20131201;3;1;19058.69;4383.72
20120131;4;2;19622.67;6279.57
20120201;4;5;9823.33;3339.78
20120301;4;2;25998.24;5459.63
20120401;4;2;10895.31;2396.84
20120501;4;4;24438.35;8064.45
20120601;4;4;12938.11;2846.78
20120701;4;5;12062.19;4221.72
20120801;4;5;10715.26;2249.85
20120901;4;4;9597.37;2782.85
20121001;4;4;16433.90;4108.70
20121101;4;2;8184.44;2209.84
20121201;4;4;12802.13;2816.79
20130101;4;5;14102.05;3384.80
20130201;4;3;11090.25;2439.85
20130301;4;4;16283.91;5210.66
20130401;4;1;15470.94;4641.66
20130501;4;5;20183.63;4036.70
20130601;4;4;21920.53;6576.56
20130701;4;5;16690.84;3504.76
20130801;4;2;13253.10;3975.77
20130901;4;5;18022.77;3964.72
20131001;4;1;26179.24;7068.53
20131101;4;1;18186.78;4728.66
20131201;4;5;5990.61;1676.87
20120131;5;5;21364.56;5981.61
20120201;5;1;7182.52;1867.89
20120301;5;5;23988.35;5277.66
20120401;5;5;16972.86;4921.66
20120501;5;1;13358.09;3472.80
20120601;5;3;11607.21;2437.87
20120701;5;3;11503.20;2415.85
20120801;5;2;21447.52;5790.64
20120901;5;2;17018.83;4084.70
20121001;5;3;13530.10;4329.68
20121101;5;4;15523.97;4501.69
20121201;5;1;15467.95;5258.65
20130101;5;2;17656.86;4237.72
20130201;5;5;22911.44;5269.64
20130301;5;2;23563.41;5890.62
20130401;5;5;14501.03;3625.75
20130501;5;4;20594.62;5766.60
20130601;5;2;7554.48;2492.83
20130701;5;2;17415.82;4353.68
20130801;5;3;24606.35;7135.55
20130901;5;5;18862.69;6035.62
20131001;5;1;17952.77;5924.59
20131101;5;5;21933.52;6580.58
20131201;5;4;18375.75;6247.59
20120131;1;3;21571.55;5824.61
20120201;1;2;23603.42;6608.56
20120301;1;1;23052.43;5532.67
20120401;1;5;5135.67;1591.87
20120501;1;2;13455.13;4439.69
20120601;1;4;14272.05;3139.79
20120701;1;5;5435.65;1141.92
20120801;1;4;18183.80;6364.55
20120901;1;4;18967.72;4552.69
20121001;1;4;18360.77;4957.68
20121101;1;3;9970.36;2492.83
20121201;1;4;9995.34;3298.75
20130101;1;5;6111.60;2016.88
20130201;1;4;13253.10;3445.80
20130301;1;1;23788.39;7612.48
20130401;1;3;25282.32;8596.43
20130501;1;4;11829.17;3903.72
20130601;1;1;23055.46;4610.73
20130701;1;3;19326.69;5218.65
20130801;1;1;11544.24;2308.83
20130901;1;1;23593.41;7313.50
20131001;1;1;11404.20;3306.80
20131101;1;1;11249.24;2474.84
20131201;1;3;5165.66;1652.87
20120131;2;2;18071.78;4879.66
20120201;2;5;6134.61;1655.88
20120301;2;1;17647.79;5647.62
20120401;2;2;7820.51;2424.86
20120501;2;1;8180.43;1881.88
20120601;2;1;25039.33;8012.47
20120701;2;5;23936.41;4787.68
20120801;2;5;12290.18;3440.77
20120901;2;4;22889.49;5722.65
20121001;2;4;24920.31;6977.53
20121101;2;3;17419.87;3832.74
20121201;2;4;18568.77;5199.67
20130101;2;5;12051.20;3494.74
20130201;2;1;17749.82;4437.73
20130301;2;1;14787.00;5027.66
20130401;2;4;5607.65;1962.87
20130501;2;2;7810.47;1561.86
20130601;2;2;14007.07;4341.68
20130701;2;4;20631.62;6189.57
20130801;2;3;7071.54;2474.84
20130901;2;2;17710.82;4250.72
20131001;2;1;16589.86;4479.71
20131101;2;3;15466.97;5258.65
20131201;2;3;19664.66;6095.61
20120131;3;5;21824.55;6110.62
20120201;3;1;11348.22;3517.77
20120301;3;1;21634.55;6923.54
20120401;3;3;6491.56;1297.93
20120501;3;3;10186.31;3259.82
20120601;3;5;5322.66;1170.94
20120701;3;5;8791.39;2637.83
20120801;3;4;6227.57;1930.85
20120901;3;1;23733.43;8306.46
20121001;3;2;24473.37;6363.55
20121101;3;1;11545.27;3001.77
20121201;3;3;8979.41;1795.93
20130101;3;1;22610.47;7461.51
20130201;3;3;11279.24;2481.83
20130301;3;2;20513.61;7179.49
20130401;3;1;8945.42;2414.85
20130501;3;3;12850.14;2955.82
20130601;3;1;4999.65;1399.92
20130701;3;5;9640.38;2216.83
20130801;3;3;6488.55;1686.89
20130901;3;4;5112.67;1226.90
20131001;3;1;24057.37;6976.51
20131101;3;3;12452.14;3610.79
20131201;3;4;9850.35;2166.86
20120131;4;2;24666.30;5919.63
20120201;4;4;9025.41;2707.85
20120301;4;1;17705.80;3540.79
20120401;4;3;8774.41;2895.82
20120501;4;2;9433.38;2169.87
20120601;4;1;24643.35;6653.54
20120701;4;3;14646.04;4979.67
20120801;4;2;11310.25;3619.77
20120901;4;1;17644.86;4411.69
20121001;4;1;24402.32;7076.53
20121101;4;5;14176.04;2976.79
20121201;4;1;22244.53;7118.53
20130101;4;4;8566.40;2569.85
20130201;4;4;5147.65;1337.93
20130301;4;5;11314.26;3394.77
20130401;4;1;17280.83;5702.63
20130501;4;4;26870.21;8598.42
20130601;4;2;23399.42;5615.64
20130701;4;4;6193.60;1919.90
20130801;4;3;9836.34;3245.80
20130901;4;2;18485.77;6285.61
20131001;4;5;9134.42;2191.84
20131101;4;5;13697.08;2739.80
20131201;4;4;13772.07;3167.76
20120131;5;2;20588.61;4529.69
20120201;5;4;12208.17;3662.75
20120301;5;2;23259.44;7210.53
20120401;5;1;17549.83;5264.64
20120501;5;1;17537.82;4033.73
20120601;5;4;20209.66;5456.64
20120701;5;1;24993.33;5498.65
20120801;5;1;11927.21;2981.81
20120901;5;4;10869.27;2717.83
20121001;5;3;10422.29;2917.80
20121101;5;3;21383.57;7270.54
20121201;5;3;26951.16;5929.58
20130101;5;3;10008.31;2201.85
20130201;5;5;21459.59;6652.53
20130301;5;4;5824.61;1863.88
20130401;5;3;6171.58;1357.92
20130501;5;1;5956.61;1190.91
20130601;5;3;24253.38;5335.67
20130701;5;5;8693.44;2433.86
20130801;5;1;25493.29;6883.53
20130901;5;2;16949.88;5254.63
20131001;5;4;21593.56;6909.54
20131101;5;4;19188.71;4413.70
20131201;5;5;23215.42;6732.55
20120131;1;4;25573.31;5626.59
20120201;1;5;17522.81;4906.66
20120301;1;4;18615.75;3909.77
20120401;1;5;11833.19;2484.84
20120501;1;4;14531.03;4213.69
20120601;1;2;6562.57;1640.90
20120701;1;2;9999.33;2999.77
20120801;1;2;21797.52;6539.58
20120901;1;3;22650.49;7927.46
20121001;1;3;26830.20;8049.45
20121101;1;1;22861.44;4572.70
20121201;1;3;12058.19;3134.81
20130101;1;1;10606.29;2226.85
20130201;1;3;6720.56;1478.86
20130301;1;3;8547.43;2136.87
20130401;1;3;12351.16;2840.79
20130501;1;4;25425.26;8644.43
20130601;1;1;16641.86;5824.61
20130701;1;5;14343.05;3872.76
20130801;1;3;24431.39;7085.56
20130901;1;3;23326.43;4665.70
20131001;1;2;10796.26;3346.77
20131101;1;2;22846.48;5711.63
20131201;1;4;11285.26;2708.79
20120131;2;2;14444.03;4044.76
20120201;2;4;7312.50;1608.90
20120301;2;4;15222.98;3501.76
20120401;2;5;11235.25;2471.81
20120501;2;4;24723.34;5686.58
20120601;2;4;20307.63;4061.72
20120701;2;1;23456.46;7506.48
20120801;2;5;19482.68;6039.58
20120901;2;1;18713.72;6549.52
20121001;2;1;17058.85;3411.77
20121101;2;4;25918.28;6738.52
20121201;2;1;22641.45;6565.54
20130101;2;5;11043.25;3091.76
20130201;2;4;11386.21;2390.84
20130301;2;2;17652.82;5472.65
20130401;2;2;26911.17;6996.54
20130501;2;3;17510.81;5603.60
20130601;2;1;12160.21;2553.80
20130701;2;2;14786.01;2956.83
20130801;2;3;7944.49;1906.89
20130901;2;1;19105.72;5158.64
20131001;2;2;13684.09;3831.77
20131101;2;1;24693.33;5926.57
20131201;2;3;6889.52;1515.90
20120131;3;5;24129.38;6997.55
20120201;3;1;24161.35;8214.44
20120301;3;3;19225.67;5190.68
20120401;3;2;17092.86;5640.65
20120501;3;1;14009.06;4062.76
20120601;3;4;18991.73;4937.67
20120701;3;5;21421.55;4712.68
20120801;3;1;12743.13;4332.74
20120901;3;4;15358.98;5068.69
20121001;3;3;8071.45;1856.87
20121101;3;2;21211.57;6151.59
20121201;3;5;18515.73;6295.59
20130101;3;2;22512.45;4727.68
20130201;3;2;21479.57;6443.60
20130301;3;2;25602.26;6144.58
20130401;3;3;6383.59;1787.87
20130501;3;5;15913.95;4933.65
20130601;3;3;21717.53;6515.59
20130701;3;1;22091.53;6406.55
20130801;3;5;23821.41;6431.59
20130901;3;3;26613.21;8250.44
20131001;3;4;13219.11;3436.75
20131101;3;4;12882.15;4379.70
20131201;3;2;16432.89;4765.71
20120131;4;4;5576.64;1226.90
20120201;4;2;23475.39;5868.59
20120301;4;2;22019.54;7486.48
20120401;4;5;25329.31;8105.47
20120501;4;2;7094.55;2411.81
20120601;4;3;17088.86;4784.68
20120701;4;2;5792.60;1273.92
20120801;4;5;18791.72;3758.73
20120901;4;2;7346.51;2497.86
20121001;4;2;19813.64;4755.69
20121101;4;2;24375.32;6093.59
20121201;4;2;21413.56;4496.70
20130101;4;5;13874.06;3329.76
20130201;4;1;17653.80;4942.63
20130301;4;1;16930.90;3385.81
20130401;4;2;22291.49;6464.55
20130501;4;4;12611.13;3152.79
20130601;4;2;8074.45;1695.89
20130701;4;3;23779.39;4755.69
20130801;4;3;23609.46;4721.68
20130901;4;1;26889.19;8066.44
20131001;4;1;17926.82;5019.69
20131101;4;5;16582.88;5306.65
20131201;4;4;9657.36;3379.78
20120131;5;1;10485.31;3669.79
20120201;5;1;10285.33;2468.84
20120301;5;3;24170.39;7734.50
20120401;5;4;13702.07;3151.79
20120501;5;5;8396.46;2350.87
20120601;5;2;22443.49;7630.48
20120701;5;2;18611.75;3908.72
20120801;5;3;18208.76;5098.64
20120901;5;4;14724.03;4417.69
20121001;5;3;19755.67;5333.65
20121101;5;4;7516.48;2029.85
20121201;5;1;10744.28;3223.78
20130101;5;1;19942.66;6581.58
20130201;5;2;7905.45;1817.83
20130301;5;4;18505.75;5551.63
20130401;5;5;17254.85;4486.68
20130501;5;5;26623.21;6922.53
20130601;5;1;6622.57;1920.87
20130701;5;5;23183.45;7186.49
20130801;5;1;19693.68;4529.69
20130901;5;2;5341.60;1281.92
20131001;5;1;13919.10;4593.69
20131101;5;5;13999.04;3919.78
20131201;5;1;18542.72;6489.53
20120131;1;1;10969.27;3180.78
20120201;1;2;6861.55;2263.83
20120301;1;4;23671.41;4970.67
20120401;1;2;11369.24;3524.74
20120501;1;5;23636.42;5199.67
20120601;1;1;21865.50;6778.53
20120701;1;4;9815.35;3336.80
20120801;1;3;15560.91;3734.76
20120901;1;5;21255.56;7014.54
20121001;1;3;24232.37;7269.52
20121101;1;4;8966.36;2779.81
20121201;1;5;17092.86;5982.62
20130101;1;3;19469.70;4867.66
20130201;1;5;11037.26;2869.80
20130301;1;5;10254.30;3588.75
20130401;1;4;12460.20;3613.73
20130501;1;1;15263.99;4273.70
20130601;1;2;12821.11;3205.78
20130701;1;2;21772.51;7402.50
20130801;1;2;22204.52;4662.71
20130901;1;3;8530.43;2644.82
20131001;1;3;11883.20;2376.81
20131101;1;3;11947.19;2867.78
20131201;1;2;17054.84;5969.61
20120131;2;5;8003.44;1600.91
20120201;2;2;21849.53;4369.73
20120301;2;3;25449.30;8398.45
20120401;2;5;7190.51;2084.86
20120501;2;4;12417.14;2855.82
20120601;2;4;23853.38;6917.54
20120701;2;3;9566.34;2869.80
20120801;2;1;15034.99;5262.66
20120901;2;4;18644.78;3915.77
20121001;2;5;15240.00;3352.78
20121101;2;2;5782.64;1560.90
20121201;2;2;12811.11;3586.77
20130101;2;3;23193.45;4870.70
20130201;2;3;20121.68;5223.66
20130301;2;2;5045.66;1160.93
20130401;2;3;23433.41;6326.56
20130501;2;2;11165.24;3349.78
20130601;2;3;6186.54;1360.95
20130701;2;1;18343.79;4952.66
20130801;2;2;10225.35;2249.85
20130901;2;2;7313.50;2339.81
20131001;2;4;23797.41;6663.56
20131101;2;1;15265.95;3358.75
20131201;2;5;17359.87;4166.72
20120131;3;3;14577.00;3352.78
20120201;3;4;14673.98;5135.67
20120301;3;2;7821.45;2189.85
20120401;3;5;12512.14;2627.84
20120501;3;5;23707.41;7823.45
20120601;3;2;26924.21;5653.58
20120701;3;4;13016.11;2993.81
20120801;3;1;8036.44;1687.91
20120901;3;4;7571.50;2573.79
20121001;3;4;17863.79;4465.69
20121101;3;3;16815.85;5717.63
20121201;3;3;17753.80;4615.71
20130101;3;1;18365.73;5693.63
20130201;3;3;7138.52;1570.93
20130301;3;2;21573.58;7335.56
20130401;3;3;10511.27;2837.81
20130501;3;2;25438.29;6613.55
20130601;3;4;22812.44;7299.49
20130701;3;1;20821.59;6871.56
20130801;3;2;13078.09;3923.72
20130901;3;3;10463.27;2824.85
20131001;3;4;22279.48;6460.58
20131101;3;1;26258.25;6827.54
20131201;3;2;24074.39;6259.59
20120131;4;5;23959.39;6229.56
20120201;4;2;25371.31;7103.48
20120301;4;4;19886.64;6363.55
20120401;4;5;24069.40;6257.60
20120501;4;1;19233.73;4231.73
20120601;4;2;13300.12;2659.85
20120701;4;4;22068.56;7503.48
20120801;4;2;10499.29;3464.75
20120901;4;5;25386.27;8631.40
20121001;4;5;14482.03;2896.83
20121101;4;5;5638.59;1860.88
20121201;4;3;13585.14;4347.73
20130101;4;2;20126.64;4226.71
20130201;4;4;22778.47;7744.47
20130301;4;3;12753.14;4463.70
20130401;4;1;22514.52;6979.51
20130501;4;5;18589.74;5948.59
20130601;4;1;17071.86;3926.72
20130701;4;3;11678.17;3736.76
20130801;4;2;14599.02;3065.77
20130901;4;1;5537.63;1550.92
20131001;4;3;20578.57;5967.59
20131101;4;2;6707.58;2011.85
20131201;4;5;10904.26;2507.83
20120131;5;1;24567.34;5158.64
20120201;5;1;15535.94;3106.79
20120301;5;2;24940.31;4987.66
20120401;5;1;12426.18;4100.72
20120501;5;5;10809.28;2161.84
20120601;5;4;23460.41;5395.67
20120701;5;4;25379.29;6598.54
20120801;5;1;23500.41;5404.60
20120901;5;4;21185.55;5084.66
20121001;5;5;18606.76;4651.67
20121101;5;3;18005.77;4141.70
20121201;5;3;7512.47;2253.86
20130101;5;2;16185.89;5664.61
20130201;5;1;24477.31;8567.41
20130301;5;2;7669.51;2070.87
20130401;5;5;9901.35;2871.82
20130501;5;2;12190.17;2803.78
20130601;5;2;23014.44;4602.70
20130701;5;5;5664.61;1359.90
20130801;5;2;15839.94;4593.69
20130901;5;5;6889.52;2066.83
20131001;5;3;17741.79;4080.77
20131101;5;2;16881.85;4220.71
20131201;5;3;19965.63;6987.53
20120131;1;3;5800.63;1797.88
20120201;1;1;8858.40;2834.78
20120301;1;3;26408.24;6073.56
20120401;1;1;8904.38;2314.84
20120501;1;3;9002.43;3150.81
20120601;1;5;16913.84;4735.70
20120701;1;4;17998.78;4679.68
20120801;1;1;7229.52;1662.89
20120901;1;2;24393.35;8049.45
20121001;1;5;7220.56;2093.86
20121101;1;3;16021.95;4005.73
20121201;1;5;7883.49;2680.80
20130101;1;4;18735.76;4121.71
20130201;1;1;17751.79;5502.66
20130301;1;2;17307.83;5192.66
20130401;1;4;6056.61;1574.91
20130501;1;1;20379.64;5298.63
20130601;1;1;21688.52;6940.52
20130701;1;3;9022.41;2345.84
20130801;1;5;19012.69;4182.75
20130901;1;4;24863.32;8702.40
20131001;1;1;22305.53;6022.61
20131101;1;2;15578.91;4206.75
20131201;1;3;23863.39;7397.53
20120131;2;4;20353.61;5698.60
20120201;2;5;12401.17;2603.79
20120301;2;2;18942.75;4546.67
20120401;2;2;19611.67;5687.64
20120501;2;4;8418.43;1683.89
20120601;2;5;15620.98;4529.69
20120701;2;5;14519.03;4791.66
20120801;2;5;8198.43;1803.89
20120901;2;4;8150.46;2770.87
20121001;2;5;9731.34;3016.78
20121101;2;4;26509.25;5566.59
20121201;2;4;7504.49;1500.90
20130101;2;3;6688.53;2273.81
20130201;2;1;20919.63;5229.67
20130301;2;4;7362.52;2282.87
20130401;2;1;14291.05;4430.70
20130501;2;2;15557.95;4044.76
20130601;2;1;22165.49;5097.69
20130701;2;4;8809.42;2113.85
20130801;2;4;18121.81;6342.57
20130901;2;2;20355.64;5699.63
20131001;2;5;21594.57;6262.56
20131101;2;4;7045.55;2183.86
20131201;2;4;23862.35;6442.55
20120131;3;4;5157.70;1443.90
20120201;3;1;22941.43;6194.60
20120301;3;5;18156.78;5446.64
20120401;3;1;10003.33;2000.86
20120501;3;3;9036.36;1806.88
20120601;3;5;23318.46;7695.49
20120701;3;2;19680.71;4723.67
20120801;3;3;18571.74;3714.75
20120901;3;4;19094.74;5919.63
20121001;3;5;10079.30;3325.81
20121101;3;1;25566.26;8948.35
20121201;3;2;19295.69;4437.73
20130101;3;2;26998.20;7019.53
20130201;3;1;12107.18;2542.82
20130301;3;4;10881.26;3046.80
20130401;3;2;24055.37;7697.49
20130501;3;5;26652.19;5596.59
20130601;3;3;20756.60;4151.72
20130701;3;2;15951.90;3828.70
20130801;3;4;16831.90;5891.60
20130901;3;3;10005.32;3001.77
20131001;3;1;17974.81;4673.68
20131101;3;1;16400.90;3935.73
20131201;3;5;12093.19;4111.73
20120131;4;5;16248.90;4387.69
20120201;4;3;7713.46;1773.88
20120301;4;3;26820.19;9387.35
20120401;4;4;13334.08;4000.75
20120501;4;5;13577.08;2715.84
20120601;4;1;18339.78;5868.59
20120701;4;1;19849.68;4565.69
20120801;4;1;18837.71;4709.68
20120901;4;5;14269.02;3424.74
20121001;4;1;19128.71;4590.70
20121101;4;3;13856.06;4295.74
20121201;4;4;20398.61;5507.64
20130101;4;3;20851.59;7298.51
20130201;4;1;15594.95;4678.65
20130301;4;5;15321.98;4289.70
20130401;4;2;16268.91;4717.67
20130501;4;4;5329.61;1065.91
20130601;4;2;23586.43;7783.48
20130701;4;2;11463.23;3438.77
20130801;4;5;18327.74;6231.59
20130901;4;1;16028.89;3846.75
20131001;4;3;26422.18;8719.43
20131101;4;1;18153.79;5627.63
20131201;4;3;11897.20;3092.79
20120131;5;5;8197.45;2458.81
20120201;5;4;23597.42;7787.49
20120301;5;1;12630.17;2525.84
20120401;5;1;18318.78;3663.75
20120501;5;2;11963.16;2511.84
20120601;5;5;17551.83;5616.62
20120701;5;3;12571.15;4273.70
20120801;5;2;8115.48;1785.88
20120901;5;5;23268.41;5351.64
20121001;5;3;13847.09;3461.75
20121101;5;3;20830.59;7290.51
20121201;5;3;24160.37;5798.59
20130101;5;4;16719.86;3510.79
20130201;5;5;8727.38;2879.77
20130301;5;5;17394.87;4000.75
20130401;5;2;25927.21;5444.64
20130501;5;4;12730.14;2545.86
20130601;5;5;26393.21;9237.39
20130701;5;4;13813.05;4281.72
20130801;5;5;19377.68;6200.61
20130901;5;2;19107.70;5350.63
20131001;5;4;15476.96;4333.68
20131101;5;2;5732.62;1891.87
20131201;5;1;10427.31;2606.82
20120131;1;1;19056.73;5907.64
20120201;1;4;13229.09;3174.78
20120301;1;4;22489.51;6072.58
20120401;1;5;26038.24;5728.59
20120501;1;4;5550.66;1220.93
20120601;1;4;25057.33;7016.53
20120701;1;1;14919.02;5221.65
20120801;1;4;11111.25;2888.77
20120901;1;5;17778.80;5689.62
20121001;1;2;22553.48;5412.63
20121101;1;5;25125.28;7788.47
20121201;1;1;25440.27;6105.59
20130101;1;4;10617.28;2760.82
20130201;1;1;5043.63;1714.88
20130301;1;1;15048.96;3461.75
20130401;1;4;20322.61;5080.66
20130501;1;1;15367.98;4610.73
20130601;1;2;5878.57;1586.89
20130701;1;4;20460.64;4091.72
20130801;1;5;21484.60;6445.58
20130901;1;3;8257.46;1733.88
20131001;1;4;25869.24;8795.43
20131101;1;2;11720.21;2578.78
20131201;1;4;21462.55;5365.67
20120131;2;1;24526.37;6376.54
20120201;2;2;7161.49;2434.86
20120301;2;4;17400.83;5394.67
20120401;2;4;24949.33;7983.46
20120501;2;2;11401.24;3648.74
20120601;2;5;15548.95;4042.71
20120701;2;1;17799.81;3559.77
20120801;2;1;20119.67;4620.70
20120901;2;4;17908.81;4835.71
20121001;2;2;25142.31;5028.64
20121101;2;4;7234.53;2387.83
20121201;2;5;23413.42;5853.57
20130101;2;4;20312.63;4265.71
20130201;2;5;22464.49;6739.53
20130301;2;5;25690.23;6165.58
20130401;2;2;19070.70;5911.56
20130501;2;3;15375.93;5073.64
20130601;2;2;12351.16;3581.78
20130701;2;3;21788.55;5882.62
20130801;2;1;5495.65;1868.86
20130901;2;4;22462.48;5166.65
20131001;2;2;8979.41;2064.87
20131101;2;5;18722.71;4118.71
20131201;2;3;23295.41;6988.51
20120131;3;5;11002.27;3300.80
20120201;3;4;7701.46;2464.83
20120301;3;5;21317.57;6608.56
20120401;3;5;15881.93;4764.70
20120501;3;4;11988.17;3716.74
20120601;3;1;24470.34;8319.46
20120701;3;2;11280.24;2932.85
20120801;3;2;11963.16;2392.82
20120901;3;5;14086.05;4789.67
20121001;3;3;20471.61;5322.66
20121101;3;3;10939.28;3609.79
20121201;3;5;18244.79;5655.60
20130101;3;3;5243.66;1258.91
20130201;3;4;5155.64;1700.91
20130301;3;1;26385.22;5540.64
20130401;3;3;24493.36;6368.58
20130501;3;2;15140.96;5147.65
20130601;3;4;14937.01;3584.74
20130701;3;4;8372.46;2427.84
20130801;3;4;15446.95;3861.74
20130901;3;4;26466.22;7939.48
20131001;3;1;26525.20;6100.60
20131101;3;3;15169.99;5309.65
20131201;3;1;24541.32;8344.45
20120131;4;5;14022.06;4346.70
20120201;4;5;26536.21;5307.66
20120301;4;3;20962.56;4611.70
20120401;4;3;9033.40;2348.85
20120501;4;1;11942.17;3821.73
20120601;4;3;8963.39;2419.87
20120701;4;5;23987.37;6476.56
20120801;4;4;9193.40;1838.88
20120901;4;3;12075.20;3501.76
20121001;4;3;26967.19;5393.65
20121101;4;4;20372.62;5093.66
20121201;4;4;17054.84;4604.69
20130101;4;5;15372.94;5072.66
20130201;4;4;23949.41;5747.63
20130301;4;4;11905.19;3452.75
20130401;4;2;6706.57;1944.87
20130501;4;3;15828.91;3957.76
20130601;4;3;12195.20;3048.79
20130701;4;3;26247.22;7611.46
20130801;4;5;19260.70;5970.63
20130901;4;3;6014.60;1984.88
20131001;4;4;25183.33;7051.52
20131101;4;5;21557.56;6467.59
20131201;4;2;21805.54;6323.56
20120131;5;2;14278.00;4711.67
20120201;5;3;23711.42;5453.60
20120301;5;2;23395.41;6550.58
20120401;5;4;18445.74;6455.59
20120501;5;3;10871.28;3369.79
20120601;5;5;18482.74;4435.73
20120701;5;3;19914.66;5177.66
20120801;5;4;23313.42;5828.60
20120901;5;1;21618.53;6269.59
20121001;5;1;6163.56;1910.90
20121101;5;4;6415.59;1860.88
20121201;5;2;8785.42;2371.86
20130101;5;2;8084.47;2182.88
20130201;5;5;25903.26;6993.54
20130301;5;5;24619.35;5416.60
20130401;5;1;16404.87;4757.68
20130501;5;2;12464.13;3863.73
20130601;5;3;19387.66;6203.58
20130701;5;1;24271.38;7524.49
20130801;5;2;11630.21;3139.79
20130901;5;5;8568.43;2741.80
20131001;5;5;16190.88;4371.74
20131101;5;3;15345.00;3222.80
20131201;5;2;13849.08;3600.78
20120131;1;3;13241.09;3045.82
20120201;1;3;12596.13;3022.84
20120301;1;4;22349.53;5363.61
20120401;1;4;22492.47;6072.58
20120501;1;2;24607.33;6890.57
20120601;1;4;9058.42;2626.82
20120701;1;5;11509.24;2531.83
20120801;1;4;14081.05;4787.68
20120901;1;4;13083.11;4317.68
20121001;1;3;14787.00;5027.66
20121101;1;5;6255.57;2001.87
20121201;1;1;5497.67;1264.92
20130101;1;4;11259.25;3377.79
20130201;1;3;16407.88;4101.73
20130301;1;2;14113.01;4939.66
20130401;1;2;26659.22;6664.54
20130501;1;3;7211.51;2163.87
20130601;1;2;15132.99;3631.76
20130701;1;5;18783.77;4132.73
20130801;1;4;9504.35;3136.80
20130901;1;3;7976.44;2233.83
20131001;1;4;6728.51;1950.87
20131101;1;4;7440.49;1859.90
20131201;1;2;16070.92;3213.78
20120131;2;3;5318.65;1807.93
20120201;2;1;20175.65;5043.63
20120301;2;5;14975.98;3144.81
20120401;2;5;24747.30;7176.50
20120501;2;2;8611.43;2841.79
20120601;2;1;15265.95;3968.73
20120701;2;5;17014.85;4593.69
20120801;2;1;19285.67;5978.58
20120901;2;2;8971.41;3049.80
20121001;2;5;10715.26;3428.75
20121101;2;4;22952.42;8033.47
20121201;2;3;18375.75;4226.71
20130101;2;1;23253.41;6976.51
20130201;2;4;8066.44;1854.88
20130301;2;4;6564.56;1706.91
20130401;2;2;10872.26;3043.79
20130501;2;1;16526.90;3305.76
20130601;2;5;24820.34;5460.68
20130701;2;5;20111.65;4223.71
20130801;2;3;15619.97;3904.70
20130901;2;5;11067.26;2877.83
20131001;2;2;9145.39;2194.87
20131101;2;1;14987.00;2997.81
20131201;2;5;6092.61;1400.89
20120131;3;4;25959.28;7787.49
20120201;3;4;23855.41;6918.52
20120301;3;4;19251.72;4620.70
20120401;3;3;21567.57;6470.59
20120501;3;3;17546.81;5088.65
20120601;3;5;19916.65;3983.72
20120701;3;5;5156.65;1185.92
20120801;3;5;11357.22;2839.81
20120901;3;5;17332.84;5893.58
20121001;3;2;9813.32;3139.79
20121101;3;3;24968.35;5243.66
20121201;3;2;5438.64;1739.89
20130101;3;1;13215.11;4492.69
20130201;3;2;11053.23;3205.78
20130301;3;2;6357.58;1461.89
20130401;3;3;15477.94;4797.69
20130501;3;2;26447.17;6876.50
20130601;3;3;22695.48;6354.57
20130701;3;1;14255.04;3420.79
20130801;3;1;11853.18;3555.76
20130901;3;3;8224.45;2878.80
20131001;3;3;6803.53;1496.92
20131101;3;3;6633.56;2122.88
20131201;3;3;5432.64;1575.89
20120131;4;4;23541.41;6120.62
20120201;4;2;12343.16;4196.71
20120301;4;5;5484.66;1480.90
20120401;4;1;23303.41;8156.47
20120501;4;3;21136.58;7397.53
20120601;4;1;17695.82;6193.60
20120701;4;5;20818.63;6453.54
20120801;4;5;18087.79;4521.71
20120901;4;3;8364.41;2843.82
20121001;4;4;15671.95;4074.77
20121101;4;1;16096.94;4024.71
20121201;4;3;20145.64;6648.52
20130101;4;3;23965.36;6470.59
20130201;4;5;8732.43;2011.85
20130301;4;5;25035.29;5507.64
20130401;4;5;7081.51;2336.84
20130501;4;4;19618.70;6474.56
20130601;4;1;22998.43;6669.60
20130701;4;1;25752.25;8240.46
20130801;4;2;22301.52;5129.65
20130901;4;1;17798.76;3559.77
20131001;4;4;20172.61;4841.64
20131101;4;3;26153.22;8107.46
20131201;4;5;21900.53;4379.70
20120131;5;1;25130.31;7036.51
20120201;5;3;5031.68;1056.95
20120301;5;5;23460.41;4926.68
20120401;5;4;24619.35;7878.46
20120501;5;5;23180.48;5099.65
20120601;5;4;10341.29;2378.80
20120701;5;5;5361.66;1876.85
20120801;5;2;11009.29;3522.78
20120901;5;2;22860.46;5486.64
20121001;5;1;17084.86;3929.71
20121101;5;1;6260.60;1439.89
20121201;5;5;26252.21;5775.60
20130101;5;4;17053.83;4433.69
20130201;5;1;17018.83;5956.61
20130301;5;2;7268.51;2470.86
20130401;5;3;26635.21;8256.44
20130501;5;5;25694.30;6423.54
20130601;5;1;13519.09;3244.79
20130701;5;4;16582.88;3813.74
20130801;5;5;18377.74;6064.56
20130901;5;3;15148.99;3181.82
20131001;5;4;21327.52;7251.50
20131101;5;5;25144.33;7040.56
20131201;5;3;13917.03;3618.79
20120131;1;4;17189.83;4297.73
20120201;1;1;22792.46;6381.58
20120301;1;1;15009.99;3902.72
20120401;1;1;21820.50;7200.52
20120501;1;4;26808.20;7774.48
20120601;1;3;6173.57;1666.86
20120701;1;4;18631.74;5589.62
20120801;1;5;23194.47;8118.45
20120901;1;1;23983.38;7914.46
20121001;1;4;16978.87;5433.62
20121101;1;1;21003.56;5880.59
20121201;1;4;9111.39;2368.86
20130101;1;4;22962.43;5051.66
20130201;1;5;16376.91;3930.73
20130301;1;1;9064.41;1903.85
20130401;1;5;25572.26;6648.52
20130501;1;1;9110.42;2368.86
20130601;1;4;5689.62;1251.91
20130701;1;4;24143.39;8208.44
20130801;1;2;10902.27;2725.85
20130901;1;2;5706.65;1882.89
20131001;1;5;9820.37;3142.79
20131101;1;1;8058.46;1853.84
20131201;1;5;19364.71;5034.68
20120131;2;1;8335.44;1750.89
20120201;2;5;7797.49;2728.78
20120301;2;2;16252.90;3900.74
20120401;2;4;18788.72;3757.75
20120501;2;5;26674.24;7202.52
20120601;2;2;13247.12;3708.74
20120701;2;2;11465.22;2636.80
20120801;2;5;8199.44;2541.81
20120901;2;2;21234.59;4883.68
20121001;2;3;22349.53;7375.49
20121101;2;5;26526.20;6366.57
20121201;2;3;23800.39;8330.45
20130101;2;2;25615.26;6147.61
20130201;2;3;26770.22;6157.63
20130301;2;4;8017.46;2084.86
20130401;2;2;24221.39;7266.49
20130501;2;3;5182.68;1606.91
20130601;2;3;23263.43;7444.50
20130701;2;2;15396.97;4310.70
20130801;2;5;16262.89;3902.72
20130901;2;3;19198.72;4991.68
20131001;2;2;10858.24;2388.81
20131101;2;1;16324.93;3591.73
20131201;2;3;10272.29;2054.82
20120131;3;3;7091.49;1772.90
20120201;3;5;21130.58;7395.55
20120301;3;2;23566.41;7776.46
20120401;3;3;24477.31;5140.66
20120501;3;4;11164.27;2679.81
20120601;3;1;15676.96;3448.74
20120701;3;4;12501.15;4375.72
20120801;3;3;24074.39;6500.59
20120901;3;3;25975.25;7013.50
20121001;3;4;10975.27;2414.85
20121101;3;4;19707.68;5912.62
20121201;3;1;13289.09;3986.72
20130101;3;5;14195.03;4968.69
20130201;3;1;24321.37;6566.56
20130301;3;3;15101.98;3926.72
20130401;3;2;10388.28;2285.84
20130501;3;4;11637.23;3607.76
20130601;3;4;8964.37;1792.86
20130701;3;1;12105.20;3994.75
20130801;3;5;23612.39;7319.54
20130901;3;3;26909.21;5919.63
20131001;3;1;8769.41;2367.85
20131101;3;1;22819.49;7074.53
20131201;3;1;10360.33;3625.75
20120131;4;3;11281.25;2255.84
20120201;4;2;20244.64;6883.53
20120301;4;1;26961.18;9436.35
20120401;4;2;19222.71;4805.68
20120501;4;2;12776.12;4343.69
20120601;4;2;9384.39;2533.85
20120701;4;4;13123.12;3280.78
20120801;4;2;12418.16;3725.73
20120901;4;3;7952.48;2305.84
20121001;4;1;24978.29;7243.50
20121101;4;5;6569.58;2299.83
20121201;4;1;18527.72;5743.62
20130101;4;2;14037.07;3228.75
20130201;4;3;5524.63;1104.93
20130301;4;1;19704.72;4334.69
20130401;4;3;7039.52;1689.90
20130501;4;2;18307.76;4393.69
20130601;4;5;7615.48;1751.84
20130701;4;4;13915.08;3617.74
20130801;4;5;21829.54;6330.58
20130901;4;4;17201.83;4988.67
20131001;4;1;11848.19;3554.74
20131101;4;3;18612.73;4653.67
20131201;4;1;7897.47;1579.88
20120131;5;3;21446.57;6862.53
20120201;5;5;16268.91;4229.70
20120301;5;5;22460.51;5165.66
20120401;5;5;14792.02;3549.76
20120501;5;5;8784.41;2371.86
20120601;5;3;15901.95;4929.64
20120701;5;2;23328.39;7465.48
20120801;5;4;23829.38;7625.49
20120901;5;3;15428.93;3702.74
20121001;5;2;18881.74;4342.71
20121101;5;5;5726.61;1202.90
20121201;5;5;10941.25;2735.85
20130101;5;5;21674.56;4551.70
20130201;5;5;19749.67;4937.67
20130301;5;3;12886.13;3865.75
20130401;5;5;16646.90;4660.72
20130501;5;4;16811.88;5043.63
20130601;5;1;16680.91;5838.60
20130701;5;2;11152.26;3233.76
20130801;5;3;20506.60;6562.57
20130901;5;4;7547.50;2641.82
20131001;5;2;17865.80;4108.70
20131101;5;3;24819.34;8438.41
20131201;5;2;17556.82;5266.61
20120131;1;5;11960.22;3348.81
20120201;1;2;22858.48;4800.72
20120301;1;5;9749.35;3119.79
20120401;1;2;17372.82;5732.62
20120501;1;1;9234.39;2954.78
20120601;1;2;15493.96;3873.74
20120701;1;3;19639.68;6481.58
20120801;1;1;11051.24;2762.81
20120901;1;1;13168.09;4608.67
20121001;1;4;9931.35;3376.74
20121101;1;4;12947.13;3365.79
20121201;1;3;11949.22;3943.75
20130101;1;3;16966.86;4411.69
20130201;1;2;19780.65;5736.60
20130301;1;4;7083.50;2337.85
20130401;1;4;26671.22;6134.61
20130501;1;4;26393.21;5542.60
20130601;1;3;17143.86;4285.72
20130701;1;3;17638.82;3880.75
20130801;1;3;19393.71;3878.72
20130901;1;1;17951.79;4846.66
20131001;1;2;24360.35;8282.49
20131101;1;5;17864.83;3572.74
20131201;1;5;19740.67;6119.60
20120131;2;5;17454.83;5759.61
20120201;2;3;18847.72;4146.75
20120301;2;1;6005.62;1621.90
20120401;2;5;25850.25;7496.53
20120501;2;2;17381.82;3823.71
20120601;2;1;12363.15;2595.83
20120701;2;2;10626.28;3293.75
20120801;2;1;22043.53;5951.62
20120901;2;4;24478.36;7098.53
20121001;2;2;5927.62;1837.90
20121101;2;1;26635.21;5593.63
20121201;2;5;20577.59;4526.70
20130101;2;1;14079.03;4082.74
20130201;2;2;7041.50;2323.84
20130301;2;4;7727.50;1854.88
20130401;2;4;20191.62;5047.65
20130501;2;3;14313.02;4293.71
20130601;2;5;15254.97;3508.76
20130701;2;5;13919.10;4871.67
20130801;2;1;13342.11;2668.81
20130901;2;3;19872.66;4968.69
20131001;2;3;9879.32;2271.86
20131101;2;3;5304.63;1856.87
20131201;2;1;14342.04;5019.69
20120131;3;5;18940.70;5113.62
20120201;3;1;10532.35;3054.79
20120301;3;4;15152.00;5303.62
20120401;3;5;23077.45;7615.48
20120501;3;2;10631.27;3720.78
20120601;3;2;7047.54;1550.92
20120701;3;3;8201.43;1803.89
20120801;3;4;23398.42;5147.65
20120901;3;3;18377.74;4778.68
20121001;3;1;18538.76;4819.69
20121101;3;3;5650.63;1581.89
20121201;3;1;8571.42;2571.84
20130101;3;3;13209.10;4358.70
20130201;3;1;7944.49;1747.93
20130301;3;4;21900.53;4598.68
20130401;3;3;18236.77;3829.71
20130501;3;5;24990.30;6247.59
20130601;3;1;6467.59;2198.82
20130701;3;4;9950.33;3382.78
20130801;3;4;18673.74;4294.74
20130901;3;2;20717.60;4143.72
20131001;3;5;25607.24;7170.56
20131101;3;3;12334.17;3206.79
20131201;3;4;14253.01;2850.83
20120131;4;3;17945.78;5383.64
20120201;4;2;24175.37;7252.51
20120301;4;1;10876.24;2827.81
20120401;4;1;14434.02;3896.73
20120501;4;5;11873.20;3086.80
20120601;4;2;24123.37;5065.66
20120701;4;3;22895.49;6181.59
20120801;4;4;8507.45;2466.82
20120901;4;1;5770.65;1903.85
20121001;4;3;24444.38;6599.57
20121101;4;4;18636.76;4472.73
20121201;4;1;24026.41;7688.49
20130101;4;3;9200.41;3127.84
20130201;4;4;14235.09;4697.68
20130301;4;1;18111.78;4165.74
20130401;4;4;16888.86;4390.72
20130501;4;2;25299.30;8095.45
20130601;4;1;17566.80;4742.68
20130701;4;5;20581.63;6586.53
20130801;4;3;20959.62;4191.70
20130901;4;5;18921.73;5297.66
20131001;4;1;19373.68;5230.64
20131101;4;3;10117.32;2529.84
20131201;4;4;18080.79;4700.69
20120131;5;2;26757.18;7759.48
20120201;5;4;17373.83;5212.64
20120301;5;2;25651.31;8721.38
20120401;5;4;14373.04;4599.70
20120501;5;2;25745.28;6693.56
20120601;5;4;10704.28;2675.82
20120701;5;2;25538.28;7150.51
20120801;5;2;5184.68;1658.89
20120901;5;4;21085.57;7169.55
20121001;5;1;12107.18;3752.76
20121101;5;4;6901.51;1725.89
20121201;5;1;6645.60;1395.93
20130101;5;4;22165.49;6427.55
20130201;5;3;7124.52;1424.89
20130301;5;5;6927.54;1385.93
20130401;5;1;12075.20;4226.71
20130501;5;1;7912.48;2769.83
20130601;5;5;8835.43;1855.89
20130701;5;5;6604.54;1782.91
20130801;5;4;26640.20;7459.49
20130901;5;2;15152.98;4697.68
20131001;5;3;16668.89;5000.67
20131101;5;4;23315.39;7227.51
20131201;5;3;15128.00;4386.71
20120131;1;4;14866.00;2972.81
20120201;1;1;14202.06;2840.79
20120301;1;5;16114.94;4350.72
20120401;1;4;26156.29;8108.44
20120501;1;4;19843.68;5357.65
20120601;1;1;20935.55;6699.54
20120701;1;3;16881.85;4726.67
20120801;1;4;11148.24;3901.74
20120901;1;3;9797.34;3232.79
20121001;1;3;14223.05;3839.73
20121101;1;3;12618.17;3028.77
20121201;1;5;5219.66;1826.87
20130101;1;4;8848.41;2565.84
20130201;1;4;12293.14;3564.76
20130301;1;2;11746.23;2818.84
20130401;1;3;17829.80;4992.69
20130501;1;1;5730.60;1718.88
20130601;1;5;6786.51;1899.88
20130701;1;1;9303.34;2604.84
20130801;1;1;10911.27;3600.78
20130901;1;2;19810.64;6141.59
20131001;1;2;5150.65;1081.98
20131101;1;3;23040.42;7142.53
20131201;1;4;24496.36;5389.64
20120131;2;5;24613.32;4922.67
20120201;2;3;9496.38;2848.80
20120301;2;4;19924.68;5379.62
20120401;2;1;24405.36;8541.40
20120501;2;1;7338.49;1687.91
20120601;2;2;15610.97;3278.76
20120701;2;3;7020.58;1473.90
20120801;2;3;24181.38;7496.53
20120901;2;3;14695.05;4702.67
20121001;2;2;16158.90;4039.74
20121101;2;1;23526.41;5646.64
20121201;2;3;18144.79;5080.66
20130101;2;4;10009.35;3102.78
20130201;2;3;25443.31;5851.57
20130301;2;1;12907.16;3484.80
20130401;2;2;16314.89;5057.66
20130501;2;1;12012.19;3603.71
20130601;2;5;24083.36;8188.45
20130701;2;1;6197.61;2106.87
20130801;2;4;6048.59;1511.88
20130901;2;2;15761.95;5043.63
20131001;2;2;8612.44;2325.86
20131101;2;3;24418.37;8302.45
20131201;2;1;9698.32;3200.79
20120131;3;3;14104.04;2961.83
20120201;3;4;20711.60;5177.66
20120301;3;5;9599.35;2879.77
20120401;3;1;11647.24;3726.74
20120501;3;1;25870.28;7243.50
20120601;3;2;19386.68;6397.58
20120701;3;2;17650.82;4235.73
20120801;3;1;11040.26;3643.76
20120901;3;1;11001.27;2199.85
20121001;3;5;14410.06;3890.73
20121101;3;1;19041.71;4569.73
20121201;3;4;22424.52;7175.55
20130101;3;5;26529.21;8489.42
20130201;3;3;6887.54;1859.90
20130301;3;3;16805.87;3865.75
20130401;3;2;15056.00;3914.72
20130501;3;4;21211.57;4878.65
20130601;3;1;8870.43;2838.79
20130701;3;1;19644.71;5107.66
20130801;3;2;5666.60;1642.90
20130901;3;2;12615.18;3910.75
20131001;3;3;21911.51;5258.65
20131101;3;1;12878.11;4378.69
20131201;3;4;21278.57;7234.53
20120131;4;3;14489.03;3911.73
20120201;4;2;10488.28;2202.86
20120301;4;2;10142.30;2433.86
20120401;4;1;26915.15;7536.47
20120501;4;5;21057.56;7159.50
20120601;4;5;20238.62;6678.52
20120701;4;1;10518.28;2103.84
20120801;4;2;25476.26;5095.69
20120901;4;2;22470.46;5392.64
20121001;4;4;22490.49;4947.67
20121101;4;4;17365.85;5209.64
20121201;4;5;24978.29;8742.41
20130101;4;1;7079.48;2123.85
20130201;4;3;11440.25;3202.78
20130301;4;5;24684.34;6911.55
20130401;4;5;9951.31;2089.85
20130501;4;1;9430.35;2923.80
20130601;4;5;18573.76;6129.58
20130701;4;1;19991.64;4597.70
20130801;4;4;6743.58;1887.87
20130901;4;4;17036.85;4259.70
20131001;4;1;8067.41;1935.88
20131101;4;5;17918.82;3583.76
20131201;4;3;20418.67;5717.63
20120131;5;2;26966.18;9438.34
20120201;5;4;26701.20;5340.62
20120301;5;5;5731.61;1145.97
20120401;5;1;19995.68;5598.62
20120501;5;4;11738.18;3755.74
20120601;5;3;18542.72;4264.73
20120701;5;2;15819.95;5536.59
20120801;5;5;25395.30;6094.60
20120901;5;2;15975.89;3514.77
20121001;5;4;13070.14;3920.76
20121101;5;4;20633.61;7221.50
20121201;5;2;19296.73;6753.52
20130101;5;4;10475.31;3351.77
20130201;5;4;19919.68;6374.58
20130301;5;1;18021.79;5766.60
20130401;5;3;20879.60;5219.66
20130501;5;3;19857.66;4169.75
20130601;5;1;17613.81;5284.64
20130701;5;2;21000.57;5670.64
20130801;5;1;16333.89;4573.65
20130901;5;2;7413.48;1704.89
20131001;5;1;19591.69;6269.59
20131101;5;1;24514.36;6863.54
20131201;5;3;25603.28;7937.48
20120131;1;5;13290.14;3720.78
20120201;1;3;17724.81;5671.62
20120301;1;1;17014.85;5444.64
20120401;1;3;22646.50;5208.63
20120501;1;4;7257.52;1814.88
20120601;1;3;6716.51;2148.86
20120701;1;2;8262.45;1982.85
20120801;1;4;25737.24;5662.59
20120901;1;3;8334.43;2750.83
20121001;1;1;16753.88;4020.76
20121101;1;4;20531.64;7186.49
20121201;1;5;12747.16;3951.74
20130101;1;1;9020.46;2976.79
20130201;1;2;10255.31;2666.79
20130301;1;3;22591.47;7681.48
20130401;1;5;14041.04;4492.69
20130501;1;4;9786.33;2739.80
20130601;1;5;22775.47;5238.63
20130701;1;4;17941.77;4485.74
20130801;1;3;18809.74;5266.61
20130901;1;5;21666.53;7366.49
20131001;1;1;14866.00;2972.81
20131101;1;5;24746.36;7671.47
20131201;1;5;13928.06;2785.83
20120131;2;4;13144.12;3154.79
20120201;2;2;9968.34;2691.80
20120301;2;1;6702.55;2345.84
20120401;2;2;7310.50;1681.94
20120501;2;1;16153.91;4199.71
20120601;2;2;13284.14;4649.68
20120701;2;4;18359.79;3855.75
20120801;2;5;14675.02;4842.68
20120901;2;3;7811.45;1640.90
20121001;2;4;23349.44;6070.60
20121101;2;1;12872.15;4376.70
20121201;2;2;5054.66;1111.93
20130101;2;5;14472.07;3038.77
20130201;2;4;14840.01;4303.70
20130301;2;2;26456.23;7143.51
20130401;2;5;23211.46;5570.63
20130501;2;3;13802.07;3726.74
20130601;2;3;26116.23;8618.44
20130701;2;1;23464.42;6569.58
20130801;2;3;9372.38;2249.85
20130901;2;3;8654.41;2249.85
20131001;2;3;24102.35;7471.49
20131101;2;5;4999.65;1249.92
20131201;2;3;24568.36;8107.46
20120131;3;4;17426.81;3833.72
20120201;3;2;15351.94;5373.63
20120301;3;4;6932.56;1663.91
20120401;3;4;10253.28;2563.81
20120501;3;2;12152.19;2794.84
20120601;3;3;26404.23;5544.65
20120701;3;2;21757.54;7615.48
20120801;3;5;11677.23;3619.77
20120901;3;1;25970.23;6752.57
20121001;3;4;15587.95;4208.70
20121101;3;4;24222.37;5571.61
20121201;3;2;13079.10;4577.70
20130101;3;2;10584.29;3492.76
20130201;3;2;20774.61;5816.59
20130301;3;3;24157.38;7971.45
20130401;3;4;21578.53;7120.51
20130501;3;3;18137.74;4715.68
20130601;3;4;26258.25;8927.39
20130701;3;1;11745.22;3875.72
20130801;3;2;5616.62;1403.90
20130901;3;3;11824.23;2601.81
20131001;3;3;5275.65;1371.90
20131101;3;3;8588.42;2232.85
20131201;3;3;16309.92;4403.70
20120131;4;4;11092.26;3771.78
20120201;4;1;25614.28;8708.40
20120301;4;1;22275.50;7128.50
20120401;4;2;18091.81;3799.72
20120501;4;2;19714.66;5125.65
20120601;4;5;10282.34;2878.80
20120701;4;2;5249.64;1154.91
20120801;4;5;24389.37;7072.52
20120901;4;3;12233.16;2935.80
20121001;4;3;20764.60;5191.62
20121101;4;1;15456.97;3091.76
20121201;4;4;9246.38;2681.81
20130101;4;4;18611.75;4466.70
20130201;4;2;8554.41;1967.86
20130301;4;3;5687.64;1137.91
20130401;4;1;20590.56;4117.70
20130501;4;3;5036.67;1309.92
20130601;4;3;25251.31;7827.47
20130701;4;1;26989.20;6207.61
20130801;4;2;26608.25;6918.52
20130901;4;2;21383.57;7270.54
20131001;4;4;16185.89;5341.60
20131101;4;2;13814.06;4282.77
20131201;4;1;24900.32;4979.67
20120131;5;5;25024.33;7006.51
20120201;5;5;18887.71;4155.72
20120301;5;3;24424.36;7815.45
20120401;5;2;24579.35;6882.55
20120501;5;2;23253.41;4650.69
20120601;5;4;19088.69;4008.76
20120701;5;3;5783.62;1214.91
20120801;5;2;26888.19;7259.54
20120901;5;1;26909.21;8072.47
20121001;5;4;21521.56;5165.66
20121101;5;1;20227.59;5865.63
20121201;5;4;11082.25;3767.73
20130101;5;5;11797.22;2477.80
20130201;5;1;5241.63;1729.90
20130301;5;3;10020.34;2805.80
20130401;5;2;23816.37;6668.55
20130501;5;4;7749.47;2169.87
20130601;5;4;12082.22;2657.87
20130701;5;1;10697.27;2887.80
20130801;5;5;16808.89;5378.64
20130901;5;2;23098.44;7622.52
20131001;5;2;17775.81;4621.70
20131101;5;1;23002.44;5980.61
20131201;5;5;22324.52;6920.57
20120131;1;2;5227.64;1724.88
20120201;1;1;23041.44;5299.60
20120301;1;1;21793.53;7409.49
20120401;1;1;23496.44;6108.60
20120501;1;5;19395.73;4848.67
20120601;1;4;24389.37;6341.56
20120701;1;4;17632.82;5289.67
20120801;1;3;5143.65;1799.88
20120901;1;4;20988.57;6296.61
20121001;1;5;12533.16;2756.82
20121101;1;5;6025.57;1927.89
20121201;1;5;12681.17;3423.75
20130101;1;5;24941.28;6484.57
20130201;1;2;9960.34;2688.84
20130301;1;3;13770.11;3442.74
20130401;1;3;12185.19;3533.75
20130501;1;4;15666.91;3133.79
20130601;1;3;19035.71;4949.66
20130701;1;5;19962.65;6387.57
20130801;1;5;22645.45;4981.66
20130901;1;2;21159.60;7405.49
20131001;1;5;16201.90;5346.63
20131101;1;4;9453.33;1984.88
20131201;1;2;21199.57;6147.61
20120131;2;1;20074.66;6624.55
20120201;2;4;21277.54;6383.59
20120301;2;4;20542.61;7189.51
20120401;2;1;24887.29;6719.58
20120501;2;1;13967.05;4329.68
20120601;2;1;18758.75;5064.68
20120701;2;2;12914.11;4390.72
20120801;2;2;24198.36;4839.65
20120901;2;2;12939.11;3752.76
20121001;2;4;5527.64;1105.94
20121101;2;1;21430.56;6000.59
20121201;2;1;5216.64;1460.93
20130101;2;3;22435.47;6954.51
20130201;2;2;26477.17;8737.42
20130301;2;2;23163.41;7180.50
20130401;2;5;23078.42;4846.66
20130501;2;3;18877.72;5663.63
20130601;2;4;6626.55;1656.89
20130701;2;4;14665.00;5132.66
20130801;2;4;7269.52;2107.89
20130901;2;4;11018.24;2313.86
20131001;2;3;9193.40;2389.86
20131101;2;1;11939.20;3581.78
20131201;2;3;5218.65;1721.87
20120131;3;5;5834.62;1633.91
20120201;3;4;13833.07;3596.74
20120301;3;2;24076.39;6982.52
20120401;3;4;11963.16;2990.81
20120501;3;2;20063.63;5216.64
20120601;3;1;17742.81;4612.67
20120701;3;1;26072.23;8603.37
20120801;3;2;19712.66;6702.55
20120901;3;4;24067.39;8423.42
20121001;3;1;23059.43;7148.52
20121101;3;5;15342.97;3835.78
20121201;3;3;13486.10;3775.75
20130101;3;1;17487.83;6120.62
20130201;3;5;9769.36;2539.82
20130301;3;3;14008.08;4902.68
20130401;3;5;11156.24;3458.75
20130501;3;2;22524.49;6982.52
20130601;3;2;23220.41;6501.54
20130701;3;1;11366.23;2500.85
20130801;3;3;8290.45;2072.85
20130901;3;1;10620.28;2123.85
20131001;3;2;12411.15;3226.76
20131101;3;4;17946.79;5204.62
20131201;3;5;10036.32;2809.80
20120131;4;2;17580.81;4395.74
20120201;4;1;22138.51;5755.62
20120301;4;1;7895.51;2289.85
20120401;4;5;7768.47;2174.81
20120501;4;5;14415.99;3027.82
20120601;4;3;24907.34;6475.58
20120701;4;1;7215.49;2019.88
20120801;4;1;11721.23;2343.86
20120901;4;4;8014.46;2564.83
20121001;4;3;10752.27;2580.83
20121101;4;1;26900.17;8608.43
20121201;4;2;14796.03;3254.76
20130101;4;3;25501.31;5100.67
20130201;4;1;21211.57;4242.72
20130301;4;2;12785.16;2684.82
20130401;4;3;16668.89;4667.69
20130501;4;3;16027.91;3686.74
20130601;4;4;13842.07;4706.68
20130701;4;3;7068.53;1837.90
20130801;4;3;15599.94;4211.70
20130901;4;5;8838.37;2916.79
20131001;4;4;6227.57;1681.94
20131101;4;4;14738.99;5011.66
20131201;4;3;18479.77;6467.59
20120131;5;2;16302.88;4075.75
20120201;5;1;19321.71;6762.55
20120301;5;4;18232.76;4558.69
20120401;5;2;20546.61;6369.56
20120501;5;2;9373.39;2436.82
20120601;5;5;17210.83;5507.64
20120701;5;1;5920.64;1420.94
20120801;5;1;20029.64;5608.60
20120901;5;2;21634.55;4326.72
20121001;5;1;11692.19;4092.72
20121101;5;2;19636.68;4123.70
20121201;5;1;7322.52;2123.85
20130101;5;3;19998.65;4199.71
20130201;5;1;24700.34;6422.59
20130301;5;4;16737.87;5188.65
20130401;5;5;15732.93;4877.67
20130501;5;3;20211.65;4850.67
20130601;5;5;25674.29;7959.46
20130701;5;2;24144.40;4828.64
20130801;5;1;14405.03;4753.67
20130901;5;3;15060.95;4367.70
20131001;5;5;25471.32;8915.42
20131101;5;4;26509.25;6627.56
20131201;5;4;12704.12;4319.69
20120131;1;4;6117.59;1467.89
20120201;1;3;15033.99;3908.72
20120301;1;4;20716.59;6836.57
20120401;1;2;15292.98;3058.79
20120501;1;1;11898.21;2379.85
20120601;1;2;24049.39;6974.56
20120701;1;1;12053.16;2651.83
20120801;1;2;18032.78;5590.63
20120901;1;4;9362.37;2808.83
20121001;1;2;18064.78;5238.63
20121101;1;5;26117.25;6529.55
20121201;1;1;18037.77;4509.74
20130101;1;3;5596.59;1118.94
20130201;1;4;26774.19;6157.63
20130301;1;1;15861.91;3489.76
20130401;1;2;23976.38;5994.60
20130501;1;1;13365.14;3875.72
20130601;1;5;26218.26;5505.61
20130701;1;3;5768.62;1153.89
20130801;1;5;24494.36;8328.39
20130901;1;3;13581.12;2715.84
20131001;1;4;25337.26;5320.67
20131101;1;2;9929.31;2382.84
20131201;1;2;21638.55;4976.67
20120131;2;5;7596.47;1670.90
20120201;2;5;22061.54;6618.57
20120301;2;1;18877.72;3775.75
20120401;2;1;7280.51;1601.89
20120501;2;3;12504.14;2625.84
20120601;2;1;13526.08;2704.77
20120701;2;1;19327.67;4058.72
20120801;2;5;25029.29;5005.66
20120901;2;5;26835.19;5903.59
20121001;2;4;9095.41;1818.88
20121101;2;3;10504.31;3256.78
20121201;2;5;9880.33;3457.81
20130101;2;5;6613.55;1454.85
20130201;2;1;24468.35;8319.46
20130301;2;5;19745.66;5528.60
20130401;2;4;8275.45;2730.84
20130501;2;3;13522.10;4326.72
20130601;2;4;24908.32;8718.42
20130701;2;2;26193.23;8905.41
20130801;2;2;8074.45;1614.89
20130901;2;2;19351.67;5611.63
20131001;2;1;24336.36;8031.45
20131101;2;4;14609.02;3798.75
20131201;2;4;21598.55;6479.58
20120131;3;4;25170.29;8306.46
20120201;3;3;14683.00;4551.70
20120301;3;5;21755.55;7179.49
20120401;3;2;12694.19;3934.75
20120501;3;5;26329.23;8688.38
20120601;3;3;23690.39;6159.58
20120701;3;2;21201.56;5088.65
20120801;3;3;16502.87;5445.66
20120901;3;4;23535.40;6589.54
20121001;3;3;6416.57;1667.87
20121101;3;5;7718.49;2623.82
20121201;3;2;21313.55;6820.57
20130101;3;1;16495.92;4948.62
20130201;3;2;26180.25;5759.61
20130301;3;4;26305.26;6839.54
20130401;3;3;12536.15;3259.82
20130501;3;5;19677.65;5706.65
20130601;3;1;24173.36;7010.55
20130701;3;2;7128.50;1639.91
20130801;3;1;19487.67;4092.72
20130901;3;3;6019.59;1203.92
20131001;3;2;5565.61;1391.89
20131101;3;1;25966.25;5972.61
20131201;3;1;19419.72;5243.66
20120131;4;3;23920.39;7654.48
20120201;4;1;16835.88;5050.68
20120301;4;4;25215.28;7312.50
20120401;4;2;18926.71;6245.60
20120501;4;2;20992.58;5667.61
20120601;4;1;18574.77;3900.74
20120701;4;3;25407.26;5081.67
20120801;4;2;26358.23;8961.40
20120901;4;3;7532.54;2184.86
20121001;4;4;5680.58;1135.95
20121101;4;2;9998.35;2999.77
20121201;4;2;12913.13;3357.80
20130101;4;4;19193.73;4414.68
20130201;4;3;15441.92;3396.79
20130301;4;3;20987.56;4826.68
20130401;4;5;14429.03;5050.68
20130501;4;2;20305.64;5279.65
20130601;4;5;5244.67;1677.88
20130701;4;3;7425.52;2078.82
20130801;4;4;14772.02;4874.67
20130901;4;2;21574.56;4746.69
20131001;4;1;9915.33;3073.75
20131101;4;4;18212.74;4917.65
20131201;4;2;17778.80;6222.61
20120131;5;1;15407.97;4314.71
20120201;5;4;14904.96;4322.70
20120301;5;2;13178.10;4480.69
20120401;5;5;10960.30;3726.74
20120501;5;1;24953.29;6238.55
20120601;5;4;18659.75;3731.73
20120701;5;1;19554.68;6648.52
20120801;5;3;21286.53;4257.71
20120901;5;3;10243.31;3380.76
20121001;5;3;22903.45;5038.65
20121101;5;4;9230.38;2584.82
20121201;5;3;5865.63;1466.86
20130101;5;5;16700.86;4509.74
20130201;5;4;9778.35;3324.80
20130301;5;4;20820.61;6870.54
20130401;5;1;16648.89;3662.75
20130501;5;1;6281.60;2198.82
20130601;5;1;11502.22;2300.88
20130701;5;1;14475.98;3618.79
20130801;5;1;16138.94;5325.66
20130901;5;2;25326.27;5318.65
20131001;5;2;8159.46;2447.84
20131101;5;1;12455.18;3736.76
20131201;5;1;10656.28;2344.86
20120131;1;5;21862.51;4372.72
20120201;1;3;10419.33;3229.79
20120301;1;1;6742.53;2224.88
20120401;1;2;10617.28;2866.80
20120501;1;2;22120.53;6414.58
20120601;1;5;14256.05;4846.66
20120701;1;3;20257.66;5266.61
20120801;1;3;6578.51;2302.86
20120901;1;4;10397.31;3430.75
20121001;1;2;8176.45;2207.89
20121101;1;4;16586.90;4312.72
20121201;1;5;10040.33;2108.83
20130101;1;4;25295.30;7082.55
20130201;1;3;7092.53;1489.89
20130301;1;4;15212.97;4107.75
20130401;1;4;26610.21;8249.46
20130501;1;2;9537.34;2193.86
20130601;1;3;21207.56;4241.71
20130701;1;3;15907.95;5249.64
20130801;1;4;26868.20;5373.63
20130901;1;4;8295.46;2322.86
20131001;1;4;25230.31;5550.66
20131101;1;5;12330.18;3082.83
20131201;1;5;22194.54;5326.64
20120131;2;2;23345.44;7470.51
20120201;2;3;18296.77;4208.70
20120301;2;1;22144.55;7307.55
20120401;2;4;25107.28;5523.62
20120501;2;3;17521.84;5431.66
20120601;2;1;9001.38;3060.82
20120701;2;3;5029.65;1609.94
20120801;2;5;26864.22;7790.47
20120901;2;3;14762.99;5166.65
20121001;2;4;16536.88;4299.73
20121101;2;5;24459.39;8316.40
20121201;2;3;20317.66;5485.66
20130101;2;1;9694.38;2035.88
20130201;2;4;6600.55;1451.89
20130301;2;3;21050.60;4209.72
20130401;2;2;21603.54;7129.50
20130501;2;3;6285.61;2073.82
20130601;2;5;25667.24;7956.49
20130701;2;5;14617.02;3507.78
20130801;2;5;19425.70;5244.67
20130901;2;1;9487.39;2086.87
20131001;2;3;24539.37;7607.50
20131101;2;4;17370.83;3821.73
20131201;2;1;12558.18;3516.75
20120131;3;5;18983.74;3796.76
20120201;3;3;14648.02;3661.74
20120301;3;1;21734.56;5433.62
20120401;3;5;18497.72;4994.66
20120501;3;4;20464.62;5320.67
20120601;3;1;11470.25;2752.85
20120701;3;3;22217.53;6887.54
20120801;3;4;9271.39;2224.88
20120901;3;3;6637.55;2123.85
20121001;3;4;7157.54;2146.87
20121101;3;5;17198.86;5675.63
20121201;3;3;11649.23;2329.84
20130101;3;1;14928.96;5225.65
20130201;3;5;19892.64;6564.56
20130301;3;5;19590.64;6856.52
20130401;3;5;14819.01;3852.74
20130501;3;1;13918.04;4871.67
20130601;3;2;17501.84;4375.72
20130701;3;5;21407.57;7492.49
20130801;3;1;13675.10;4102.70
20130901;3;3;7398.49;2367.85
20131001;3;3;9495.36;1993.89
20131101;3;2;5502.66;1265.93
20131201;3;5;22640.47;6565.54
20120131;4;3;10195.35;2242.84
20120201;4;2;25350.27;7351.49
20120301;4;2;17651.80;4236.71
20120401;4;3;5901.60;1415.92
20120501;4;3;12352.17;3334.79
20120601;4;2;9001.38;1889.87
20120701;4;3;9824.34;2455.85
20120801;4;4;23219.47;7430.51
20120901;4;2;12651.17;3668.74
20121001;4;4;25802.24;8514.42
20121101;4;3;19130.69;4782.72
20121201;4;2;20327.60;5691.58
20130101;4;1;25071.28;6267.57
20130201;4;1;20156.67;5845.61
20130301;4;5;19219.71;4996.69
20130401;4;3;6364.55;1845.87
20130501;4;1;15753.91;5356.64
20130601;4;3;11747.24;2701.81
20130701;4;4;19363.66;4066.71
20130801;4;3;16874.88;4556.70
20130901;4;5;12054.17;4218.72
20131001;4;4;6864.52;2333.85
20131101;4;2;9920.37;3471.76
20131201;4;2;17770.82;4087.73
20120131;5;5;13351.08;2803.78
20120201;5;2;26172.22;8636.40
20120301;5;5;23510.43;5172.68
20120401;5;3;25264.32;7831.48
20120501;5;2;13805.06;3589.73
20120601;5;5;26020.27;7025.53
20120701;5;5;26310.22;6051.60
20120801;5;5;13137.10;4203.69
20120901;5;3;26224.23;7080.53
20121001;5;2;21319.60;5756.63
20121101;5;5;13481.10;3504.76
20121201;5;2;14817.00;4741.66
20130101;5;2;14937.01;5227.64
20130201;5;3;20734.63;4354.70
20130301;5;2;21227.54;7005.53
20130401;5;2;18670.73;4294.74
20130501;5;4;19002.70;6460.58
20130601;5;4;11444.27;2402.82
20130701;5;3;22491.50;4723.67
20130801;5;5;12044.23;2890.83
20130901;5;4;11524.20;3687.78
20131001;5;1;16481.90;4944.68
20131101;5;3;7367.51;1473.90
20131201;5;1;22573.47;5869.60
20120131;1;1;24684.34;6417.54
20120201;1;3;11159.24;3347.78
20120301;1;1;7020.58;1824.89
20120401;1;4;12880.14;4250.72
20120501;1;1;23160.42;5558.63
20120601;1;2;14530.00;2905.80
20120701;1;2;20698.58;4346.70
20120801;1;2;9536.36;3146.80
20120901;1;2;25721.31;8745.40
20121001;1;1;10254.30;2665.84
20121101;1;2;21819.56;7636.49
20121201;1;1;22511.48;6078.55
20130101;1;3;14263.00;4278.69
20130201;1;2;12681.17;3043.79
20130301;1;2;7041.50;2112.87
20130401;1;2;5008.66;1652.87
20130501;1;3;8353.41;2171.85
20130601;1;3;16577.83;5138.63
20130701;1;5;25003.30;8001.42
20130801;1;2;6746.58;1956.87
20130901;1;4;10575.28;3066.78
20131001;1;5;10741.28;2147.84
20131101;1;2;26870.21;6448.55
20131201;1;5;25796.27;5159.65
20120131;2;3;9833.35;2261.84
20120201;2;3;7216.50;1875.87
20120301;2;3;14440.99;5054.66
20120401;2;2;9270.41;2409.86
20120501;2;2;15800.92;3791.73
20120601;2;5;8123.46;1786.86
20120701;2;5;15460.00;4328.70
20120801;2;2;22854.47;6399.57
20120901;2;2;12312.19;2708.79
20121001;2;4;8087.47;2587.85
20121101;2;2;6562.57;1771.89
20121201;2;4;11784.22;4006.74
20130101;2;3;18870.74;5472.65
20130201;2;5;17996.82;6298.55
20130301;2;4;26141.21;6796.52
20130401;2;5;6762.55;1554.90
20130501;2;4;23483.45;6575.59
20130601;2;3;14407.05;3601.73
20130701;2;1;22415.49;5379.62
20130801;2;3;16348.93;4250.72
20130901;2;1;15681.95;5331.66
20131001;2;3;17711.80;4782.72
20131101;2;3;13090.13;4581.71
20131201;2;3;23544.44;7769.48
20120131;3;5;16750.84;5025.68
20120201;3;3;23542.42;5885.62
20120301;3;3;19345.68;4836.69
20120401;3;1;13663.06;2868.82
20120501;3;5;17410.81;4352.71
20120601;3;2;9243.38;2402.82
20120701;3;4;6161.58;1786.86
20120801;3;3;18076.77;3976.71
20120901;3;1;10896.26;3704.73
20121001;3;2;20031.68;6009.63
20121101;3;4;14866.00;4756.67
20121201;3;3;25088.31;6021.63
20130101;3;2;20268.64;6688.53
20130201;3;1;26259.23;6039.58
20130301;3;5;6698.54;2143.84
20130401;3;5;17771.80;4798.67
20130501;3;2;8327.41;2331.85
20130601;3;3;17103.84;4275.73
20130701;3;1;15176.00;3186.78
20130801;3;1;17141.82;4970.67
20130901;3;1;6214.55;1304.91
20131001;3;5;20988.57;4827.69
20131101;3;4;17354.82;5900.63
20131201;3;3;22092.51;5743.62
20120131;4;5;26046.24;7032.57
20120201;4;4;8046.44;2735.85
20120301;4;3;7843.47;2352.85
20120401;4;3;11774.21;3885.77
20120501;4;1;25925.23;5184.68
20120601;4;1;24448.36;6356.60
20120701;4;4;12571.15;4399.69
20120801;4;3;15196.99;3950.76
20120901;4;5;13704.05;4522.71
20121001;4;2;17586.81;3692.74
20121101;4;3;6372.60;1274.90
20121201;4;4;7355.52;1912.86
20130101;4;4;6514.58;1367.88
20130201;4;5;14328.01;2865.82
20130301;4;2;7507.49;1501.88
20130401;4;5;21688.52;6723.55
20130501;4;5;24936.34;6483.53
20130601;4;1;20988.57;6086.61
20130701;4;1;26808.20;6165.58
20130801;4;3;15736.97;5350.63
20130901;4;5;17432.82;4358.70
20131001;4;1;26188.25;5761.57
20131101;4;3;5396.65;1726.86
20131201;4;2;7384.49;2584.82
20120131;5;2;16787.85;4196.71
20120201;5;4;8932.42;3126.78
20120301;5;5;8829.38;2118.87
20120401;5;1;7050.54;1832.91
20120501;5;4;10785.27;3235.82
20120601;5;2;11626.20;2673.80
20120701;5;3;23509.41;7758.50
20120801;5;1;11607.21;2785.83
20120901;5;3;10811.27;2270.88
20121001;5;4;14955.02;4336.72
20121101;5;1;9886.34;2570.86
20121201;5;3;11613.20;3832.74
20130101;5;3;20369.63;7129.50
20130201;5;2;15984.93;3196.78
20130301;5;1;11562.23;3352.78
20130401;5;4;19918.67;4182.75
20130501;5;3;11799.22;2949.82
20130601;5;2;11443.26;2517.85
20130701;5;4;20328.61;7115.56
20130801;5;3;18997.71;4559.70
20130901;5;4;17760.81;6216.54
20131001;5;3;26666.20;7999.46
20131101;5;3;25888.28;7248.50
20131201;5;1;21269.58;5529.61
20120131;1;3;25256.29;7324.50
20120201;1;1;20834.60;6458.56
20120301;1;3;9818.35;2748.84
20120401;1;3;10952.25;3833.72
20120501;1;1;17309.82;3981.76
20120601;1;3;22616.47;6332.60
20120701;1;2;24439.36;8553.38
20120801;1;5;24876.34;8209.45
20120901;1;1;13794.11;4138.70
20121001;1;1;18585.77;4088.71
20121101;1;1;22523.48;4504.68
20121201;1;4;22895.49;5265.66
20130101;1;5;7560.51;1814.88
20130201;1;3;6481.58;1814.88
20130301;1;3;23425.41;6793.53
20130401;1;4;12159.20;4012.73
20130501;1;3;6200.61;1797.88
20130601;1;5;9216.35;2211.87
20130701;1;2;10928.22;2731.84
20130801;1;2;18280.76;5301.63
20130901;1;2;5102.67;1224.92
20131001;1;1;24897.28;8216.42
20131101;1;4;10213.31;3165.81
20131201;1;1;12186.16;4021.74
20120131;2;5;25195.32;5794.66
20120201;2;5;8406.42;2353.80
20120301;2;1;18742.72;5997.63
20120401;2;2;7636.49;2443.86
20120501;2;3;24996.32;8748.42
20120601;2;3;22878.45;8007.46
20120701;2;3;20293.65;6493.53
20120801;2;2;7016.53;1402.92
20120901;2;2;10180.30;3155.77
20121001;2;2;18073.81;4518.70
20121101;2;4;14081.05;3097.83
20121201;2;5;7815.45;2109.87
20130101;2;1;15942.94;5420.65
20130201;2;5;20229.65;4854.69
20130301;2;2;12139.21;3884.76
20130401;2;2;18377.74;4778.68
20130501;2;4;5543.63;1440.90
20130601;2;3;14447.04;3033.83
20130701;2;4;9606.36;2785.83
20130801;2;4;7439.51;1636.90
20130901;2;3;25226.30;8577.42
20131001;2;2;15274.98;3207.80
20131101;2;2;23566.41;5420.65
20131201;2;3;14391.01;3741.76
20120131;3;5;12328.14;4068.76
20120201;3;4;20123.64;4427.70
20120301;3;1;22606.46;7007.55
20120401;3;3;15998.91;4319.69
20120501;3;4;11617.21;3484.80
20120601;3;4;7297.50;1751.84
20120701;3;3;19170.73;4409.69
20120801;3;2;15613.94;3122.80
20120901;3;2;19508.71;5072.66
20121001;3;3;22936.44;7339.50
20121101;3;3;25112.27;8287.45
20121201;3;3;24035.36;5047.65
20130101;3;4;26407.23;8714.40
20130201;3;4;19390.67;4653.67
20130301;3;4;26874.20;5643.61
20130401;3;3;11832.22;2957.81
20130501;3;4;8054.45;2416.83
20130601;3;4;15565.93;3268.78
20130701;3;5;24613.32;7876.46
20130801;3;4;9789.33;2740.85
20130901;3;5;6202.57;2170.90
20131001;3;2;21853.51;7211.51
20131101;3;1;10613.27;3608.74
20131201;3;4;15258.00;3356.79
20120131;4;4;22661.47;4985.67
20120201;4;5;17974.81;5392.64
20120301;4;3;23387.41;5145.70
20120401;4;1;8084.47;2101.85
20120501;4;1;23161.44;6485.59
20120601;4;3;23367.40;7010.55
20120701;4;4;14945.97;3736.76
20120801;4;1;11969.20;2752.85
20120901;4;1;5924.59;1717.90
20121001;4;2;15387.93;3231.81
20121101;4;5;9458.36;2931.82
20121201;4;3;16730.88;5019.69
20130101;4;2;24074.39;7222.55
20130201;4;2;21850.50;4369.73
20130301;4;5;25535.25;6128.57
20130401;4;5;10087.36;3227.77
20130501;4;4;25991.23;8837.43
20130601;4;4;9485.39;2181.85
20130701;4;2;26818.20;7240.54
20130801;4;1;8977.42;2872.84
20130901;4;5;9487.39;2181.85
20131001;4;1;25453.28;6872.57
20131101;4;3;13580.08;3802.75
20131201;4;5;24931.35;6482.58
20120131;5;3;12448.13;3734.76
20120201;5;2;15006.99;4952.66
20120301;5;4;5385.67;1507.92
20120401;5;2;17933.79;5200.68
20120501;5;2;11213.24;3139.79
20120601;5;2;20581.63;4116.72
20120701;5;1;11063.25;3097.83
20120801;5;4;13934.06;2786.78
20120901;5;4;22009.54;4621.70
20121001;5;2;8722.43;2354.84
20121101;5;3;23885.37;8121.47
20121201;5;3;7319.54;2268.87
20130101;5;2;15802.92;5530.59
20130201;5;1;18654.73;3917.73
20130301;5;4;9126.36;2463.85
20130401;5;5;14440.02;4331.71
20130501;5;1;14644.01;5125.65
20130601;5;1;18866.70;4150.71
20130701;5;3;25945.25;7005.53
20130801;5;4;9288.34;2414.85
20130901;5;2;18853.73;6221.58
20131001;5;1;6642.56;2258.85
20131101;5;1;25709.30;7455.51
20131201;5;4;21518.56;7531.49
20120131;1;2;18605.75;4651.67
20120201;1;4;12451.17;2863.77
20120301;1;1;5836.61;1400.89
20120401;1;1;13316.09;3861.74
20120501;1;1;16998.85;3739.72
20120601;1;3;10039.32;2810.81
20120701;1;1;11344.26;3403.73
20120801;1;1;21316.53;4476.68
20120901;1;4;22136.53;4648.67
20121001;1;1;13975.09;3633.78
20121101;1;3;5327.65;1757.87
20121201;1;1;14166.02;3824.71
20130101;1;3;22251.49;7788.47
20130201;1;3;15820.97;3796.76
20130301;1;5;21720.53;4343.69
20130401;1;1;22106.53;5526.66
20130501;1;3;19716.67;4337.70
20130601;1;2;6937.56;1456.91
20130701;1;4;15942.94;4623.69
20130801;1;2;24436.37;6597.58
20130901;1;1;10303.28;3399.76
20131001;1;2;22117.49;7741.47
20131101;1;4;13048.10;4566.67
20131201;1;3;25246.33;7068.53
20120131;2;5;16945.86;3558.76
20120201;2;5;14322.99;3437.79
20120301;2;4;9426.34;3204.77
20120401;2;2;20006.65;5601.62
20120501;2;5;24169.37;6767.54
20120601;2;4;21884.55;4814.68
20120701;2;4;17382.83;4867.66
20120801;2;3;10688.25;3419.78
20120901;2;1;26431.26;6343.58
20121001;2;3;23519.47;7761.47
20121101;2;3;8244.44;2308.83
20121201;2;2;12123.19;3636.76
20130101;2;5;19589.66;6660.56
20130201;2;1;21188.57;4873.66
20130301;2;5;13835.10;3043.79
20130401;2;3;13762.06;3990.77
20130501;2;4;14886.99;4912.67
20130601;2;5;11270.27;2591.79
20130701;2;1;13224.15;3967.75
20130801;2;2;12718.14;3179.76
20130901;2;2;12371.17;4205.72
20131001;2;3;16694.88;5175.67
20131101;2;1;14224.02;4409.69
20131201;2;2;9790.37;2349.86
20120131;3;5;14530.00;3341.76
20120201;3;5;17370.83;3473.75
20120301;3;4;13877.07;4024.71
20120401;3;5;16867.87;4722.72
20120501;3;5;20692.62;4759.70
20120601;3;5;9429.35;2639.83
20120701;3;4;11824.23;2482.85
20120801;3;5;24601.36;8610.45
20120901;3;3;8536.42;2731.84
20121001;3;5;13675.10;3144.81
20121101;3;5;18646.78;6153.55
20121201;3;1;16871.88;3542.75
20130101;3;3;19241.69;4232.70
20130201;3;3;8286.43;2319.86
20130301;3;5;14006.06;2940.82
20130401;3;2;17541.82;4034.71
20130501;3;3;12225.19;3178.75
20130601;3;3;7939.48;1587.90
20130701;3;5;23552.39;5888.59
20130801;3;5;16016.94;3683.73
20130901;3;1;15293.99;4129.69
20131001;3;3;21088.54;5904.60
20131101;3;1;12960.16;3758.73
20131201;3;4;21936.55;6142.56
20120131;4;4;23134.44;7171.51
20120201;4;1;9216.35;2672.82
20120301;4;2;9632.34;3371.78
20120401;4;5;24345.32;6816.52
20120501;4;4;9062.42;2809.80
20120601;4;2;10588.29;2752.85
20120701;4;5;7147.52;1429.88
20120801;4;1;15920.94;3980.72
20120901;4;1;25944.27;8821.41
20121001;4;5;11215.26;3252.80
20121101;4;4;21147.56;6132.59
20121201;4;2;25911.24;8550.46
20130101;4;4;16478.91;3625.75
20130201;4;1;15021.99;4055.72
20130301;4;2;12357.18;3583.76
20130401;4;1;13382.09;2943.83
20130501;4;5;9584.37;3258.81
20130601;4;5;18478.76;4065.73
20130701;4;5;9392.36;2441.81
20130801;4;3;25433.30;7884.49
20130901;4;5;25885.25;6471.57
20131001;4;5;5355.66;1713.90
20131101;4;1;20866.59;4799.68
20131201;4;4;19936.68;6977.53
20120131;5;2;18697.70;6357.58
20120201;5;5;8640.41;1900.88
20120301;5;1;16916.83;3890.73
20120401;5;1;13492.07;2698.78
20120501;5;3;25344.31;6842.57
20120601;5;5;18391.75;6069.62
20120701;5;3;9146.41;2926.80
20120801;5;3;25209.31;8319.46
20120901;5;5;7725.49;2011.85
20121001;5;1;14328.99;3582.78
20121101;5;4;17562.83;4390.72
20121201;5;2;14219.03;3696.75
20130101;5;4;6381.58;1531.91
20130201;5;4;19548.69;4691.69
20130301;5;1;12137.18;4126.70
20130401;5;5;16226.87;4867.66
20130501;5;2;25177.29;7049.53
20130601;5;3;5137.65;1232.94
20130701;5;2;23297.41;6756.55
20130801;5;1;8745.40;2186.82
20130901;5;1;13934.06;4040.72
20131001;5;2;25166.27;7801.47
20131101;5;5;12527.16;3632.75
20131201;5;1;6466.53;1680.88
20120131;1;5;23273.43;5352.62
20120201;1;3;23691.37;5211.66
20120301;1;4;14146.07;4809.70
20120401;1;3;12301.16;2705.82
20120501;1;5;6855.54;1576.90
20120601;1;5;12034.23;3489.76
20120701;1;4;9791.32;2153.81
20120801;1;2;13547.08;4063.71
20120901;1;5;23943.41;8140.46
20121001;1;2;18228.79;4921.66
20121101;1;2;5356.64;1820.90
20121201;1;5;15611.95;5307.66
20130101;1;3;19432.69;6024.59
20130201;1;5;13864.05;4713.65
20130301;1;4;24533.37;7605.47
20130401;1;2;22451.48;4490.69
20130501;1;5;14702.03;3381.80
20130601;1;3;14875.97;4760.69
20130701;1;4;6434.58;1801.89
20130801;1;5;17027.84;5789.62
20130901;1;3;19022.69;4184.70
20131001;1;3;9704.32;3105.81
20131101;1;3;9109.41;2003.87
20131201;1;5;7825.46;2738.78
20120131;2;3;15198.99;3191.76
20120201;2;3;21987.49;4617.69
20120301;2;4;21753.53;5220.67
20120401;2;3;7957.47;1989.88
20120501;2;5;11624.23;3487.77
20120601;2;4;6681.58;2137.88
20120701;2;3;21427.52;7499.50
20120801;2;2;6814.53;1771.89
20120901;2;1;13191.07;3297.80
20121001;2;2;10562.29;2640.84
20121101;2;1;9040.40;1988.82
20121201;2;5;7718.49;2006.86
20130101;2;1;12689.12;4314.71
20130201;2;2;9161.37;3022.84
20130301;2;5;15887.90;4448.69
20130401;2;4;24715.32;6920.57
20130501;2;4;7264.50;2106.87
20130601;2;2;12943.12;3494.74
20130701;2;3;14697.04;4996.69
20130801;2;2;19914.66;5775.60
20130901;2;3;5296.65;1111.93
20131001;2;5;23365.42;7243.50
20131101;2;2;26469.21;9264.38
20131201;2;4;7658.49;1761.88
20120131;3;1;20866.59;4799.68
20120201;3;3;23791.40;6423.54
20120301;3;5;9918.32;3471.76
20120401;3;2;6462.57;2196.86
20120501;3;1;6449.58;1870.88
20120601;3;1;6873.55;2061.86
20120701;3;1;12453.15;3237.80
20120801;3;1;20026.66;5006.67
20120901;3;1;19424.72;5438.64
20121001;3;4;12313.16;3570.79
20121101;3;2;9714.33;3108.78
20121201;3;4;7947.46;2065.88
20130101;3;4;19919.68;3983.72
20130201;3;5;10612.29;3395.81
20130301;3;5;11535.23;2998.79
20130401;3;4;9613.35;3268.78
20130501;3;2;5031.68;1056.95
20130601;3;4;26035.23;7029.51
20130701;3;1;5990.61;1676.87
20130801;3;1;26777.15;6962.56
20130901;3;1;16683.86;4838.67
20131001;3;2;12910.13;4131.72
20131101;3;4;14140.08;4666.68
20131201;3;3;9063.36;1993.89
20120131;4;4;8475.42;2203.81
20120201;4;1;19860.66;4766.68
20120301;4;4;5506.63;1266.91
20120401;4;3;10469.31;2617.82
20120501;4;5;14586.04;2916.79
20120601;4;4;19448.67;4862.68
20120701;4;4;21545.57;4308.71
20120801;4;5;14089.05;3381.80
20120901;4;2;25306.31;7085.56
20121001;4;2;17040.85;5282.65
20121101;4;3;26067.23;5213.66
20121201;4;5;8102.43;2106.87
20130101;4;3;22661.47;7251.50
20130201;4;3;10388.28;2388.81
20130301;4;4;14406.05;3313.77
20130401;4;5;17589.82;6156.58
20130501;4;4;24856.35;7954.47
20130601;4;4;25022.32;7256.51
20130701;4;3;11761.20;3410.79
20130801;4;1;7073.49;1414.91
20130901;4;2;25859.30;7499.50
20131001;4;3;5016.65;1002.93
20131101;4;4;17142.84;4628.68
20131201;4;5;24836.36;7947.46
20120131;5;1;9363.36;3276.80
20120201;5;3;6230.61;1432.95
20120301;5;5;13047.14;4174.70
20120401;5;1;13566.06;3391.74
20120501;5;3;17122.85;4622.68
20120601;5;5;26992.21;9447.34
20120701;5;3;17911.77;3940.75
20120801;5;2;20045.65;4409.69
20120901;5;4;20481.63;4300.73
20121001;5;2;12443.16;2612.83
20121101;5;5;20940.58;7119.53
20121201;5;2;25134.32;7037.53
20130101;5;3;19454.68;6225.58
20130201;5;3;13395.14;3482.78
20130301;5;5;5473.63;1696.90
20130401;5;1;26865.20;5372.65
20130501;5;1;19333.70;5026.66
20130601;5;5;5256.66;1261.91
20130701;5;4;12586.16;2768.78
20130801;5;1;16940.81;4573.65
20130901;5;3;22996.48;4829.67
20131001;5;2;15833.93;3799.72
20131101;5;1;13575.12;3936.73
20131201;5;4;15559.97;4667.69
20120131;1;4;22517.48;5854.61
20120201;1;5;26528.20;7958.48
20120301;1;3;6098.61;1280.91
20120401;1;5;17202.81;5160.67
20120501;1;2;18245.77;6385.59
20120601;1;1;13005.12;4291.69
20120701;1;5;11073.24;3100.79
20120801;1;5;16000.90;4160.72
20120901;1;1;22547.48;5636.63
20121001;1;3;15423.94;5089.65
20121101;1;3;17252.83;5865.63
20121201;1;2;8919.43;3032.85
20130101;1;2;6651.56;1462.91
20130201;1;5;17182.86;5498.65
20130301;1;2;12661.15;3544.81
20130401;1;4;10445.31;3342.80
20130501;1;4;19047.70;4380.72
20130601;1;4;16388.90;5736.60
20130701;1;4;19650.68;4715.68
20130801;1;1;11109.27;2443.86
20130901;1;2;16570.88;4971.65
20131001;1;3;19697.66;5515.63
20131101;1;5;7161.49;2076.86
20131201;1;5;11087.27;2882.82
20120131;2;4;25477.24;7897.47
20120201;2;1;21881.55;7002.53
20120301;2;3;8211.43;1724.88
20120401;2;2;9117.36;2734.84
20120501;2;2;8253.44;2558.83
20120601;2;3;21536.57;7107.53
20120701;2;5;11713.19;2459.83
20120801;2;2;10038.31;2810.81
20120901;2;4;16124.93;3385.81
20121001;2;1;9173.39;2843.82
20121101;2;5;20787.61;7067.53
20121201;2;4;21587.52;4749.69
20130101;2;4;14293.04;4573.65
20130201;2;4;6423.54;1605.90
20130301;2;1;21543.58;7540.48
20130401;2;3;16671.86;4834.66
20130501;2;2;10321.31;2992.79
20130601;2;2;19548.69;5278.61
20130701;2;1;12344.18;2715.84
20130801;2;3;16517.87;4624.67
20130901;2;2;24031.39;5527.64
20131001;2;2;13562.08;4746.69
20131101;2;5;17239.87;3620.77
20131201;2;5;19100.70;6303.55
20120131;3;2;8096.43;2266.83
20120201;3;3;13070.14;4312.72
20120301;3;3;10947.26;2845.83
20120401;3;5;19973.64;5792.60
20120501;3;4;13341.06;4268.70
20120601;3;3;18643.73;3728.73
20120701;3;5;8953.39;2864.78
20120801;3;3;19192.71;6525.56
20120901;3;3;11823.19;3664.77
20121001;3;4;26716.21;5343.65
20121101;3;5;23417.44;7025.53
20121201;3;5;25555.30;8177.46
20130101;3;1;10323.29;3406.78
20130201;3;1;9268.39;2409.86
20130301;3;5;20318.63;5079.65
20130401;3;1;5458.62;1364.89
20130501;3;2;19383.72;5039.66
20130601;3;2;7375.49;1695.89
20130701;3;3;23901.39;4780.68
20130801;3;5;20406.66;5305.61
20130901;3;5;11112.26;2333.85
20131001;3;3;22915.44;7103.48
20131101;3;1;14501.03;4060.74
20131201;3;1;22607.47;4973.67
20120131;4;4;24716.33;8403.39
20120201;4;1;23013.46;6213.57
20120301;4;2;21765.54;7617.47
20120401;4;1;11801.20;2950.83
20120501;4;1;10653.27;2130.87
20120601;4;5;14045.08;4213.69
20120701;4;2;7826.48;2582.82
20120801;4;2;17807.79;4807.70
20120901;4;3;11358.23;3747.78
20121001;4;3;21582.54;6690.55
20121101;4;1;10102.31;3232.79
20121201;4;3;16289.91;3909.77
20130101;4;1;24693.33;5185.65
20130201;4;4;16569.90;4805.68
20130301;4;2;5009.66;1101.93
20130401;4;2;9251.34;2034.87
20130501;4;1;20085.65;5021.67
20130601;4;4;14494.02;3913.74
20130701;4;3;17258.86;3451.77
20130801;4;5;15437.96;4322.70
20130901;4;4;24250.34;5334.63
20131001;4;1;12814.14;2818.84
20131101;4;2;21238.54;7221.50
20131201;4;1;16120.95;4997.67
20120131;5;5;6006.60;1861.89
20120201;5;3;16435.89;4930.66
20120301;5;3;26495.23;7418.50
20120401;5;2;11888.16;3685.77
20120501;5;1;24379.37;8045.51
20120601;5;3;16278.88;3255.81
20120701;5;5;25243.33;6815.54
20120801;5;5;21766.51;6529.55
20120901;5;2;20733.63;5805.61
20121001;5;4;18185.74;5273.66
20121101;5;3;13345.11;3869.73
20121201;5;3;7195.54;1510.94
20130101;5;4;18183.80;5091.65
20130201;5;2;15638.95;4065.73
20130301;5;3;15131.00;3782.76
20130401;5;1;7129.50;1568.91
20130501;5;1;8671.43;2947.80
20130601;5;4;24439.36;7331.55
20130701;5;3;9629.35;2695.84
20130801;5;1;23266.43;5816.59
20130901;5;1;15884.96;5241.63
20131001;5;2;20035.64;6210.62
20131101;5;1;16323.90;5713.58
20131201;5;4;13944.10;3346.77
20120131;1;1;18233.78;4193.71
20120201;1;2;5899.58;1356.91
20120301;1;4;25849.29;5945.62
20120401;1;4;13281.11;2655.85
20120501;1;4;22777.46;7972.47
20120601;1;2;17497.83;4724.68
20120701;1;1;18473.76;4064.71
20120801;1;5;8483.42;2629.83
20120901;1;2;25121.34;7033.52
20121001;1;2;23703.36;8296.44
20121101;1;5;15102.96;3775.75
20121201;1;3;11264.24;2252.84
20130101;1;2;24695.32;6667.54
20130201;1;4;18785.71;3944.77
20130301;1;3;15794.97;3948.71
20130401;1;1;9299.37;2417.81
20130501;1;4;7582.49;1895.89
20130601;1;5;15543.96;3263.76
20130701;1;1;12285.20;2948.78
20130801;1;1;10392.30;3221.77
20130901;1;2;17574.82;3690.76
20131001;1;4;15639.95;4535.70
20131101;1;2;26285.21;9199.40
20131201;1;1;11777.21;2826.83
20120131;2;5;14508.04;4352.71
20120201;2;2;25586.27;8699.44
20120301;2;3;22687.46;6579.53
20120401;2;3;8158.46;2773.81
20120501;2;5;8126.42;2437.87
20120601;2;5;8614.43;1894.89
20120701;2;3;19803.64;5742.60
20120801;2;1;7210.53;1730.88
20120901;2;5;17503.80;6126.55
20121001;2;2;16208.91;4538.68
20121101;2;1;25210.32;8571.42
20121201;2;2;26184.24;7069.54
20130101;2;1;25444.31;7887.47
20130201;2;2;21089.58;6959.52
20130301;2;4;21074.60;7165.51
20130401;2;2;6877.55;2269.87
20130501;2;4;17081.87;4099.74
20130601;2;3;24092.39;4818.68
20130701;2;3;8096.43;2752.85
20130801;2;2;8516.41;1788.88
20130901;2;3;8137.47;2115.87
20131001;2;2;16070.92;3374.75
20131101;2;4;8677.44;2082.86
20131201;2;2;18732.73;6556.58
20120131;3;5;19322.69;5216.64
20120201;3;3;18322.73;6229.56
20120301;3;1;8675.44;2428.82
20120401;3;4;24568.36;5159.65
20120501;3;1;12115.21;3270.80
20120601;3;1;18213.78;5464.59
20120701;3;1;20192.62;4240.73
20120801;3;4;11763.18;2822.82
20120901;3;3;16022.89;5127.66
20121001;3;4;10657.32;2770.87
20121101;3;5;6192.56;1609.94
20121201;3;1;22125.47;4867.66
20130101;3;3;25797.25;7223.52
20130201;3;5;8757.42;2189.85
20130301;3;1;13650.09;3002.80
20130401;3;2;23217.45;4643.68
20130501;3;1;7082.55;1699.90
20130601;3;1;23838.38;7151.53
20130701;3;1;22135.48;6419.59
20130801;3;3;20404.62;4284.72
20130901;3;3;8428.40;2275.83
20131001;3;2;6848.54;2259.85
20131101;3;2;23116.43;5085.71
20131201;3;3;15620.98;4686.67
20120131;4;2;19942.66;4786.68
20120201;4;3;5112.67;1635.90
20120301;4;2;6770.58;2301.85
20120401;4;5;15128.00;4840.67
20120501;4;2;5350.63;1872.86
20120601;4;3;26471.23;6088.57
20120701;4;4;6030.59;2110.91
20120801;4;4;11556.23;2657.87
20120901;4;1;22215.47;5331.66
20121001;4;2;15129.98;3479.74
20121101;4;1;10836.28;3575.78
20121201;4;4;19379.68;6589.54
20130101;4;3;17297.82;4151.72
20130201;4;5;26650.20;6395.59
20130301;4;5;9413.38;2823.79
20130401;4;4;18239.77;4012.73
20130501;4;1;7246.51;1956.87
20130601;4;2;26602.18;7448.48
20130701;4;3;13020.15;3905.72
20130801;4;1;26738.19;6149.60
20130901;4;1;5518.63;1600.91
20131001;4;1;11689.19;3857.73
20131101;4;4;18118.80;5254.63
20131201;4;3;24075.37;6500.59
20120131;5;3;23688.40;4737.69
20120201;5;5;7083.50;2337.85
20120301;5;1;7327.51;1978.81
20120401;5;4;5980.61;1554.90
20120501;5;4;21830.54;6549.52
20120601;5;5;11382.23;3300.80
20120701;5;4;12913.13;3228.75
20120801;5;4;5465.65;1529.89
20120901;5;5;8267.43;1735.93
20121001;5;4;18831.74;4331.71
20121101;5;2;10265.31;2463.85
20121201;5;2;14373.04;3449.78
20130101;5;1;18337.74;5317.61
20130201;5;3;20197.59;5049.64
20130301;5;1;15638.95;3127.84
20130401;5;1;13220.13;3701.73
20130501;5;2;16309.92;4403.70
20130601;5;5;21911.51;6354.57
20130701;5;2;15335.96;3373.77
20130801;5;3;11055.26;3426.76
20130901;5;3;9879.32;3062.79
20131001;5;2;12198.16;3171.80
20131101;5;2;19759.68;4346.70
20131201;5;2;19516.67;6830.58
20120131;1;5;17280.83;4665.70
20120201;1;3;7079.48;1415.92
20120301;1;2;20721.64;6838.53
20120401;1;4;9096.36;2819.82
20120501;1;3;5594.63;1789.89
20120601;1;3;26339.21;8428.40
20120701;1;4;24566.32;6387.57
20120801;1;4;15306.01;3520.80
20120901;1;2;19956.69;3991.71
20121001;1;4;26529.21;6366.57
20121101;1;4;19348.71;5030.67
20121201;1;3;14511.01;4933.65
20130101;1;3;25082.31;8277.44
20130201;1;2;24662.34;5918.62
20130301;1;4;16969.89;4411.69
20130401;1;5;8818.42;2116.85
20130501;1;5;5321.65;1862.87
20130601;1;5;11334.25;2719.85
20130701;1;5;26760.20;9366.35
20130801;1;1;12711.16;2541.81
20130901;1;1;10418.28;2708.79
20131001;1;3;25059.32;6515.59
20131101;1;2;15062.98;4066.71
20131201;1;5;17800.79;5874.59
20120131;2;2;23541.41;4943.66
20120201;2;4;9974.34;3191.76
20120301;2;5;8733.37;2357.84
20120401;2;3;6567.54;1838.88
20120501;2;1;23203.43;6496.57
20120601;2;4;23156.48;6483.53
20120701;2;2;9658.37;2221.85
20120801;2;2;5737.61;1434.91
20120901;2;3;5750.63;1207.97
20121001;2;2;15767.94;4730.68
20121101;2;1;25374.26;6343.58
20121201;2;2;22827.41;7761.47
20130101;2;3;10980.26;2305.84
20130201;2;4;12230.19;2812.83
20130301;2;1;18389.76;4229.70
20130401;2;3;20234.67;7082.55
20130501;2;4;12262.17;4291.69
20130601;2;1;24819.34;7694.52
20130701;2;2;14520.07;3920.76
20130801;2;2;7811.45;1874.86
20130901;2;3;14343.05;4876.63
20131001;2;4;23664.39;7099.51
20131101;2;4;5548.59;1664.88
20131201;2;5;15415.94;3853.68
20120131;3;2;26070.23;7821.45
20120201;3;5;10515.29;2523.86
20120301;3;3;13830.08;3180.78
20120401;3;2;17618.81;5461.63
20120501;3;5;9909.32;2873.78
20120601;3;2;23500.41;6110.62
20120701;3;5;6507.57;2277.85
20120801;3;1;16416.87;5417.65
20120901;3;1;19788.67;6926.53
20121001;3;1;20973.61;6292.56
20121101;3;5;22155.52;6868.53
20121201;3;4;24283.36;5099.65
20130101;3;5;17637.78;4938.65
20130201;3;5;13529.07;4058.72
20130301;3;1;26850.19;6981.54
20130401;3;1;5597.64;1566.88
20130501;3;5;13364.09;3741.76
20130601;3;5;10126.32;3138.77
20130701;3;2;11245.26;3710.77
20130801;3;4;22086.51;4858.66
20130901;3;3;23387.41;6782.57
20131001;3;2;12882.15;3349.78
20131101;3;1;23557.41;8009.47
20131201;3;1;18879.74;5286.64
20120131;4;3;13776.08;2754.84
20120201;4;4;23820.39;6193.60
20120301;4;3;9514.38;2187.86
20120401;4;3;14976.95;4492.69
20120501;4;5;26078.23;8084.47
20120601;4;5;19911.66;5176.65
20120701;4;1;16821.85;4205.72
20120801;4;1;23111.45;5777.63
20120901;4;4;19384.69;5427.65
20121001;4;5;16782.87;5538.61
20121101;4;3;16563.88;5134.69
20121201;4;2;21505.55;7526.51
20130101;4;3;20544.67;5136.64
20130201;4;2;18295.76;5305.61
20130301;4;4;12002.20;2400.85
20130401;4;4;17373.83;3648.74
20130501;4;1;11093.23;2773.81
20130601;4;2;24473.37;4894.66
20130701;4;3;19038.75;5521.64
20130801;4;3;5460.68;1419.93
20130901;4;4;6433.55;1286.90
20131001;4;5;22876.46;6405.57
20131101;4;5;8779.43;2809.80
20131201;4;1;20057.64;6217.59
20120131;5;4;12376.14;2598.85
20120201;5;4;13218.13;3965.73
20120301;5;3;24699.33;5927.62
20120401;5;5;11526.23;3688.73
20120501;5;2;5290.65;1216.89
20120601;5;1;16533.88;3802.75
20120701;5;2;23803.40;7141.51
20120801;5;5;14750.99;2949.82
20120901;5;4;23095.43;6235.60
20121001;5;2;15272.96;4734.72
20121101;5;2;23758.39;7365.51
20121201;5;3;26689.22;6939.55
20130101;5;4;8948.35;2684.82
20130201;5;3;26228.21;5770.65
20130301;5;1;10870.27;2282.87
20130401;5;4;22381.48;5147.65
20130501;5;1;11363.20;2385.85
20130601;5;4;13417.07;3890.73
20130701;5;1;20841.62;5210.66
20130801;5;3;9796.37;2448.82
20130901;5;1;24126.38;5790.64
20131001;5;2;16931.88;4740.73
20131101;5;3;22870.44;7775.49
20131201;5;4;17308.84;4153.71
20120131;1;1;5863.58;1289.90
20120201;1;2;24076.39;5778.60
20120301;1;3;20021.65;6807.57
20120401;1;4;6920.57;2214.87
20120501;1;5;10292.29;2161.84
20120601;1;2;16076.92;3536.75
20120701;1;1;23852.34;7155.49
20120801;1;2;10323.29;3303.77
20120901;1;2;23996.40;7918.46
20121001;1;4;19661.66;3932.74
20121101;1;2;26072.23;9125.38
20121201;1;4;17383.84;5388.63
20130101;1;2;19448.67;6807.57
20130201;1;1;15343.98;4756.67
20130301;1;4;16215.89;4053.70
20130401;1;5;17128.85;4967.68
20130501;1;1;26325.22;9213.34
20130601;1;1;22796.50;5243.66
20130701;1;1;14802.03;4736.68
20130801;1;3;16939.86;5928.57
20130901;1;2;25136.31;7289.51
20131001;1;1;20663.61;5165.66
20131101;1;4;17799.81;4983.65
20131201;1;2;7840.47;1959.88
20120131;2;5;8313.44;2410.86
20120201;2;4;17376.83;6081.62
20120301;2;3;24055.37;7216.50
20120401;2;5;19474.69;5452.62
20120501;2;3;13227.11;2909.82
20120601;2;5;10675.31;3415.78
20120701;2;5;18500.73;5550.66
20120801;2;2;21972.52;6811.53
20120901;2;2;21177.57;6141.59
20121001;2;1;9151.39;2745.84
20121101;2;5;14629.00;3657.78
20121201;2;4;23245.42;6276.58
20130101;2;1;17756.80;5504.63
20130201;2;4;25625.24;8456.45
20130301;2;2;11173.22;3016.78
20130401;2;4;9543.32;3339.78
20130501;2;1;8352.43;2087.85
20130601;2;4;16366.90;5400.62
20130701;2;5;9757.37;2634.84
20130801;2;5;23667.40;5680.58
20130901;2;5;18351.77;4954.62
20131001;2;5;19580.66;4503.70
20131101;2;3;8987.38;2156.85
20131201;2;5;13959.06;4466.70
20120131;3;1;5687.64;1933.89
20120201;3;2;6598.54;1451.89
20120301;3;1;20225.63;5460.68
20120401;3;4;18681.76;6351.53
20120501;3;3;7052.54;2044.92
20120601;3;3;6267.57;1566.88
20120701;3;3;20637.59;5778.60
20120801;3;2;9309.39;1954.85
20120901;3;4;13747.08;3024.82
20121001;3;2;12125.19;3879.74
20121101;3;1;19797.66;6533.58
20121201;3;5;6919.56;1937.91
20130101;3;1;9811.34;2746.84
20130201;3;5;26032.25;5987.61
20130301;3;5;5860.64;1523.89
20130401;3;2;25813.25;7227.51
20130501;3;2;23222.44;5805.61
20130601;3;2;6713.55;2215.85
20130701;3;5;11287.22;2708.79
20130801;3;3;10087.36;2723.83
20130901;3;1;22470.46;7639.48
20131001;3;3;10447.30;3551.75
20131101;3;2;20304.60;5685.65
20131201;3;2;23841.39;5721.62
20120131;4;5;12560.17;3139.79
20120201;4;4;22465.47;5166.65
20120301;4;4;11736.22;3637.77
20120401;4;3;10342.30;3205.78
20120501;4;4;20905.58;6689.55
20120601;4;5;15277.95;4124.71
20120701;4;1;20779.59;7065.53
20120801;4;2;12336.20;4194.76
20120901;4;3;19746.70;6713.55
20121001;4;1;25136.31;8797.42
20121101;4;5;6054.56;1210.95
20121201;4;2;21655.52;5413.64
20130101;4;4;5878.57;1821.88
20130201;4;1;23274.41;5585.64
20130301;4;5;7980.45;2713.81
20130401;4;4;20585.61;4940.68
20130501;4;3;22315.47;4909.66
20130601;4;4;14776.00;4580.70
20130701;4;4;15321.98;4749.69
20130801;4;3;26850.19;8592.43
20130901;4;1;24949.33;7983.46
20131001;4;5;25594.30;7166.53
20131101;4;2;15937.92;5418.63
20131201;4;4;24321.37;5837.62
20120131;5;5;14702.03;4704.66
20120201;5;1;8992.41;2607.83
20120301;5;4;11892.21;3686.74
20120401;5;4;7148.52;1643.88
20120501;5;5;14499.03;4494.71
20120601;5;3;18973.71;5881.62
20120701;5;3;9934.35;2582.82
20120801;5;2;7182.52;2010.87
20120901;5;5;18425.74;4421.70
20121001;5;4;7060.51;2188.84
20121101;5;4;9291.35;2043.88
20121201;5;4;5986.60;2094.86
20130101;5;3;6909.54;2141.83
20130201;5;5;21698.54;6943.56
20130301;5;5;16571.90;3977.72
20130401;5;7;23688.40;5211.66
20130501;5;1;8621.44;2327.84
20130601;5;1;5069.67;1368.90
20130701;5;1;12062.19;3859.76
20130801;5;9;21378.55;7054.51
20130901;5;8;6350.59;1396.91
20131001;5;8;19748.65;4739.66
20131101;5;4;26825.18;6974.56
20131201;5;1;17167.85;3604.77
20120131;1;6;14279.04;3283.78
20120201;1;4;12567.14;2638.78
20120301;1;8;11233.23;3257.79
20120401;1;4;22058.53;5955.63
20120501;1;3;25959.28;8307.47
20120601;1;3;21173.58;5081.67
20120701;1;3;20651.61;6195.62
20120801;1;2;18866.70;5659.62
20120901;1;4;6451.54;1806.88
20121001;1;2;14719.00;4415.70
20121101;1;2;23054.44;7377.52
20121201;1;3;12378.15;2846.78
20130101;1;6;15606.96;5462.63
20130201;1;2;9066.36;1812.88
20130301;1;2;19648.66;4126.70
20130401;1;2;17138.86;4284.72
20130501;1;7;13753.06;3162.78
20130601;1;2;26309.24;5524.63
20130701;1;10;8983.38;3143.76
20130801;1;4;23516.44;4703.65
20130901;1;4;10437.28;3548.75
20131001;1;5;18005.77;5041.62
20131101;1;9;14619.03;3654.75
20131201;1;1;20646.63;4542.66
20120131;2;3;17675.80;6009.63
20120201;2;6;9304.37;2418.86
20120301;2;3;19858.68;4765.71
20120401;2;5;18583.75;5203.61
20120501;2;10;8939.38;1966.86
20120601;2;8;8297.46;1659.90
20120701;2;2;6673.53;2135.89
20120801;2;10;26959.22;8087.47
20120901;2;6;5855.63;1697.88
20121001;2;2;12599.16;3401.75
20121101;2;10;23844.42;5007.68
20121201;2;10;25356.31;5324.64
20130101;2;10;15389.99;3385.81
20130201;2;7;15462.93;3556.80
20130301;2;7;9437.40;1887.87
20130401;2;8;20813.59;7076.53
20130501;2;4;13512.09;2702.79
20130601;2;3;8146.45;1954.85
20130701;2;7;23621.46;5196.68
20130801;2;5;18841.73;5652.64
20130901;2;7;24308.39;6077.61
20131001;2;4;15051.99;4214.71
20131101;2;8;13130.09;2888.77
20131201;2;8;20436.64;5926.57
20120131;3;10;9352.35;3179.76
20120201;3;5;24282.35;5584.63
20120301;3;6;9630.33;2792.78
20120401;3;5;24307.38;7292.51
20120501;3;1;13095.15;4059.73
20120601;3;6;6959.52;1461.89
20120701;3;9;23480.42;5400.62
20120801;3;9;5760.63;1612.91
20120901;3;7;20044.67;5011.66
20121001;3;4;24437.35;6109.60
20121101;3;9;20945.60;6912.52
20121201;3;2;7362.52;1766.87
20130101;3;1;16137.90;5486.64
20130201;3;5;16466.90;3787.72
20130301;3;2;9567.33;3348.81
20130401;3;10;19236.73;5963.57
20130501;3;7;12071.19;3983.72
20130601;3;4;20256.64;4861.68
20130701;3;4;24552.31;8593.43
20130801;3;5;16049.96;5135.67
20130901;3;10;13856.06;3325.81
20131001;3;9;6238.55;1933.89
20131101;3;1;12207.19;3783.78
20131201;3;8;12494.16;3748.76
20120131;4;10;14068.06;4923.65
20120201;4;1;10132.34;3140.80
20120301;4;10;24571.36;6634.57
20120401;4;2;5588.64;1173.91
20120501;4;1;22859.50;6400.55
20120601;4;8;7433.51;2452.82
20120701;4;7;26067.23;8862.41
20120801;4;5;24423.33;5861.62
20120901;4;10;24080.39;5056.68
20121001;4;9;5380.65;1882.89
20121101;4;8;11968.22;2752.85
20121201;4;1;10486.29;3250.79
20130101;4;3;21677.52;4552.69
20130201;4;2;12219.19;2810.81
20130301;4;9;5912.62;1418.90
20130401;4;10;23382.44;7716.42
20130501;4;1;17565.80;4391.70
20130601;4;1;19430.71;6023.59
20130701;4;2;18502.74;5550.66
20130801;4;10;16062.91;3533.75
20130901;4;7;20509.64;4511.69
20131001;4;5;14651.03;4688.69
20131101;4;3;23688.40;4974.69
20131201;4;1;11872.22;3323.75
20120131;5;4;16391.86;5737.61
20120201;5;10;8540.44;2988.77
20120301;5;7;21855.53;6338.57
20120401;5;4;9377.40;3188.76
20120501;5;8;7559.50;1738.86
20120601;5;2;20679.58;4135.73
20120701;5;9;22351.47;5587.63
20120801;5;9;25879.26;7246.51
20120901;5;4;23727.35;7830.50
20121001;5;2;12121.20;3999.74
20121101;5;5;11179.22;3912.74
20121201;5;5;9769.36;2735.85
20130101;5;5;10641.28;2447.84
20130201;5;9;11189.24;2797.84
20130301;5;4;6787.53;1357.92
20130401;5;3;25251.31;6060.59
20130501;5;10;26498.20;7684.48
20130601;5;6;13177.13;4348.69
20130701;5;8;10177.31;3052.80
20130801;5;10;16874.88;3880.75
20130901;5;7;18035.74;3967.75
20131001;5;9;10256.31;2974.80
20131101;5;7;25508.28;7142.53
20131201;5;2;21888.52;7223.52
20120131;1;1;24805.34;6201.59
20120201;1;7;23781.41;6420.60
20120301;1;5;5245.65;1783.89
20120401;1;3;17984.82;4136.71
20120501;1;2;19741.65;4935.69
20120601;1;1;21755.55;6961.51
20120701;1;9;18571.74;4271.72
20120801;1;10;12517.15;3129.79
20120901;1;8;5642.63;1861.89
20121001;1;5;7111.51;2133.87
20121101;1;1;5687.64;1193.94
20121201;1;10;24448.36;7823.45
20130101;1;7;14482.03;3620.77
20130201;1;10;14750.99;3982.74
20130301;1;2;12550.18;4392.71
20130401;1;10;25095.27;6273.58
20130501;1;7;12890.16;3222.80
20130601;1;10;6741.56;1819.89
20130701;1;7;6910.57;1450.94
20130801;1;9;16532.90;4794.73
20130901;1;2;23571.40;6128.57
20131001;1;1;16847.86;3537.76
20131101;1;5;26322.22;5264.64
20131201;1;5;15810.92;3636.76
20120131;2;2;20065.59;5417.65
20120201;2;6;25264.32;8084.47
20120301;2;6;9637.38;2890.83
20120401;2;5;20773.59;6855.54
20120501;2;9;8088.45;1779.88
20120601;2;9;5274.63;1582.94
20120701;2;6;7309.49;1461.89
20120801;2;3;24480.35;7833.47
20120901;2;4;13775.06;4270.76
20121001;2;8;24173.36;5559.65
20121101;2;7;25333.29;8613.38
20121201;2;6;13569.13;3527.74
20130101;2;10;20183.63;5853.57
20130201;2;7;16560.87;4968.69
20130301;2;1;16212.89;5187.67
20130401;2;2;7658.49;2373.85
20130501;2;1;12986.11;4155.72
20130601;2;3;7115.56;1707.88
20130701;2;4;24973.33;6992.52
20130801;2;4;5476.60;1094.94
20130901;2;9;26196.22;8382.43
20131001;2;9;11439.24;2859.83
20131101;2;3;21891.53;7443.52
20131201;2;5;16092.91;4988.67
20120131;3;1;15265.95;3816.71
20120201;3;9;26111.25;5744.63
20120301;3;1;24343.36;7546.48
20120401;3;5;19572.65;5088.65
20120501;3;7;20646.63;7019.53
20120601;3;1;13359.14;3205.78
20120701;3;6;12665.16;2659.85
20120801;3;8;23619.43;7322.52
20120901;3;10;10983.25;2635.85
20121001;3;5;9717.33;3109.82
20121101;3;8;20903.59;6480.56
20121201;3;5;21435.54;7073.49
20130101;3;3;26946.18;5658.64
20130201;3;7;7370.54;2137.88
20130301;3;10;11628.22;3139.79
20130401;3;6;26211.23;7601.46
20130501;3;10;16118.93;4513.65
20130601;3;6;23930.41;6461.59
20130701;3;6;10424.29;2397.84
20130801;3;6;5993.62;1258.91
20130901;3;3;23779.39;6658.53
20131001;3;6;24991.34;5997.63
20131101;3;7;5478.59;1259.92
20131201;3;5;19307.68;5406.62
20120131;4;1;6435.56;1608.90
20120201;4;7;16421.91;3941.73
20120301;4;9;7372.53;2432.88
20120401;4;4;15027.01;5109.68
20120501;4;6;18393.78;5701.59
20120601;4;8;5403.62;1296.91
20120701;4;9;23726.37;4745.68
20120801;4;7;11595.23;3594.79
20120901;4;4;19359.72;4065.73
20121001;4;2;24054.34;6254.57
20121101;4;5;24119.39;5788.61
20121201;4;8;19566.68;5674.59
20130101;4;2;12831.15;3335.80
20130201;4;9;22446.49;4938.65
20130301;4;8;14004.07;3360.80
20130401;4;4;16720.87;3343.77
20130501;4;1;10245.30;3278.76
20130601;4;10;13703.08;3562.77
20130701;4;2;26713.18;9082.42
20130801;4;2;19132.71;4974.69
20130901;4;3;12456.18;3861.74
20131001;4;10;22680.50;5216.64
20131101;4;10;19200.69;5760.63
20131201;4;7;18507.78;4071.73
20120131;5;5;19946.65;5784.64
20120201;5;4;24064.38;6016.56
20120301;5;2;24194.38;6048.59
20120401;5;2;5709.60;1998.88
20120501;5;4;21359.58;6407.59
20120601;5;5;25263.32;7073.49
20120701;5;10;7074.53;1626.90
20120801;5;1;11539.25;3692.74
20120901;5;2;13161.11;3553.74
20121001;5;6;19701.67;6304.56
20121101;5;2;18243.78;5473.63
20121201;5;2;5392.64;1347.94
20130101;5;8;7565.49;1512.89
20130201;5;5;16726.88;5017.66
20130301;5;2;26126.25;6531.57
20130401;5;6;24290.34;5829.58
20130501;5;4;9052.41;2715.84
20130601;5;10;25551.27;8176.45
20130701;5;4;20138.64;6041.58
20130801;5;2;18177.76;5998.58
20130901;5;3;18524.73;3889.75
20131001;5;6;15133.98;3934.75
20131101;5;7;11082.25;2991.81
20131201;5;7;11225.24;3704.73
